NAME,TEAM,POS,SEASON,FPpG_pred,GP_pred,FP_total_pred
NIKOLA JOKIC,Den,C,2025,60.8482111594175,72.43212531425826,4407.365255847376
SHAI GILGEOUS-ALEXANDER,Okc,G,2025,54.8413399404628,71.01658397648745,3894.644623264972
GIANNIS ANTETOKOUNMPO,Mil,F,2025,56.05177895139036,68.4787152559835,3838.35381040359
JAYSON TATUM,Bos,F-G,2025,46.70164634872849,71.45266984904399,3336.957317962507
ANTHONY EDWARDS,Min,G,2025,43.78095941339812,71.13264435461633,3114.2554154571408
CADE CUNNINGHAM,Det,G,2025,48.263371215518376,64.46732390720126,3111.410385004317
KARL-ANTHONY TOWNS,Nyk,C-F,2025,43.858682917392485,70.51853812850362,3092.8502035760926
LUKA DONCIC,Lal,F-G,2025,50.224634611788275,59.01398635184349,2963.9559015063996
DOMANTAS SABONIS,Sac,F-C,2025,41.42957182660838,71.120781282411,2946.5035165041513
VICTOR WEMBANYAMA,San,F-C,2025,53.83659826528195,54.281047873651644,2922.3069677923204
ALPEREN SENGUN,Hou,C,2025,41.549097370189244,70.282311217345,2920.166592171411
TYRESE HALIBURTON,Ind,G,2025,40.42928307555307,71.73531219773969,2900.207243355593
DEVIN BOOKER,Pho,G,2025,40.27896123539489,71.13500889877895,2865.2442659133876
TRAE YOUNG,Atl,G,2025,43.90691388340974,64.89468237991903,2849.3252307463326
ANTHONY DAVIS,Lal,F-C,2025,47.6398896082502,59.30752056990855,2825.403732889471
TYLER HERRO,Mia,G,2025,38.88644344899817,72.21510054668963,2808.1884235725634
IVICA ZUBAC,Lac,C,2025,37.06611468016831,75.0576491470321,2782.0954309077288
JALEN BRUNSON,Nyk,G,2025,40.066701927988234,66.87657532189564,2679.5238093870466
BAM ADEBAYO,Mia,C-F,2025,36.98285183671729,72.08917204119564,2666.063168631161
EVAN MOBLEY,Cle,C,2025,39.53342447752322,67.04657995999978,2650.5809053248727
JALEN WILLIAMS,Okc,G-F,2025,39.95311610039346,65.94628551362504,2634.7596015155564
TYRESE MAXEY,Phi,G,2025,41.943317273217964,62.5199539116637,2622.294262823875
FRANZ WAGNER,Orl,F,2025,40.54080284546818,64.62458075793799,2619.9323874786005
LEBRON JAMES,Lal,F,2025,41.507592277387786,61.674285428067314,2559.951093547457
PAOLO BANCHERO,Orl,F,2025,43.03843811002385,59.39589485136851,2556.306544550108
SCOTTIE BARNES,Tor,F-G,2025,40.19249598414857,63.58704437930265,2555.7220258589987
DONOVAN MITCHELL,Cle,G,2025,38.64218214806159,66.01673678703693,2551.0307677453197
JAMES HARDEN,Lac,G,2025,40.56999880900382,62.22807686259219,2524.593004201963
DE'AARON FOX,Sac,G,2025,39.16964133571,63.619937529374745,2491.9701348258845
PASCAL SIAKAM,Ind,F,2025,34.18382045939096,71.96872633133864,2460.1660196015227
JAREN JACKSON JR,Mem,F-C,2025,38.248169336670315,63.91249034352021,2444.5357533872675
JAMAL MURRAY,Den,G,2025,36.210284563839664,67.15464442736001,2431.6887844981757
NIKOLA VUCEVIC,Chi,C,2025,34.85203146964669,68.3347266325946,2381.6040430688904
DARIUS GARLAND,Cle,G,2025,35.91378732006701,66.218495801741,2378.1569748784764
JALEN GREEN,Hou,G,2025,33.42727126807414,70.89560749069483,2369.8467033063653
AUSTIN REAVES,Lal,G,2025,34.46509711707645,68.70905691964896,2368.0643195584353
JOSH GIDDEY,Chi,G,2025,36.60254728771223,64.60485233976463,2364.702162781901
DAMIAN LILLARD,Mil,G,2025,38.387213294222676,61.07367623129509,2344.448236153022
MILES BRIDGES,Cha,F,2025,36.00406789815027,64.86948991664195,2335.565519477151
LAMELO BALL,Cha,G,2025,42.75791115987957,54.59283020251319,2334.275383765449
KEVIN DURANT,Pho,F,2025,38.736899898218596,59.99560716195672,2324.043828965564
JOSH HART,Nyk,G,2025,31.727561444919093,73.21600281603222,2322.9652280970313
DEMAR DEROZAN,Sac,G-F,2025,32.14022963138919,71.86127774155915,2309.6379682187476
DESMOND BANE,Mem,G,2025,35.289078843488795,65.02452557973714,2294.655609943798
AMEN THOMPSON,Hou,G-F,2025,33.93223951421085,66.10062592526046,2242.942270935193
STEPHEN CURRY,Gol,G,2025,36.988800100279036,60.632195487908625,2242.712158543293
RJ BARRETT,Tor,F-G,2025,36.52200822473434,61.39697212527721,2242.3407209331594
DYSON DANIELS,Atl,G,2025,33.66609029960661,66.39522415562166,2235.2676118857808
JAYLEN BROWN,Bos,G-F,2025,35.43444353184826,63.04641737511388,2234.01471636381
MICHAEL PORTER JR,Den,F,2025,30.271431987875108,73.21505199696662,2216.3244670149147
JALEN DUREN,Det,C,2025,32.318939898578016,68.42867012859983,2211.542077225839
ZACH LAVINE,Chi,G,2025,32.87774321282945,66.88750982337905,2199.1103721186637
JARRETT ALLEN,Cle,C,2025,30.782357243365915,70.94616146775255,2183.89008734588
COBY WHITE,Chi,G,2025,32.24423341646978,67.61754273590682,2180.2758310247004
KYRIE IRVING,Dal,G,2025,36.38541994348848,58.7316156879564,2136.9745007658694
TREY MURPHY III,Nor,F,2025,34.37331123794381,62.159472279643666,2136.6268870545323
JALEN JOHNSON,Atl,F,2025,39.23787098997403,54.17934085726302,2125.881986879115
ONYEKA OKONGWU,Atl,F-C,2025,30.994274757050082,68.31836734298324,2117.4782483815
CHRISTIAN BRAUN,Den,G,2025,28.128575836260424,74.28387823662891,2089.4997023905516
DENI AVDIJA,Por,F,2025,32.585777941121194,63.94775200607437,2083.787246703827
DERRICK WHITE,Bos,G,2025,30.336728375447915,68.4974266667171,2077.9878272053593
OG ANUNOBY,Nyk,F-G,2025,29.66474912221097,70.0200739817895,2077.127928188437
WALKER KESSLER,Uta,C,2025,33.276188858234576,62.184269039706145,2069.2554805765308
JA MORANT,Mem,G,2025,38.99089384210902,52.255481475344055,2037.4879308734344
ZION WILLIAMSON,Nor,F,2025,43.74857817555335,46.17205931870702,2019.9619466307406
ANFERNEE SIMONS,Por,G,2025,30.216889724898653,66.54075234776832,2010.6545759043065
MIKAL BRIDGES,Nyk,G-F,2025,27.141509788707808,74.05948701040398,2010.0862916395586
JULIUS RANDLE,Min,F-C,2025,31.495779922494915,63.729159464088234,2007.199581126507
SHAEDON SHARPE,Por,G,2025,29.943875536505853,66.84360011276192,2001.5564421885115
KEYONTE GEORGE,Uta,G,2025,29.945235429213263,64.10714814962128,1919.7036440358627
NAZ REID,Min,C-F,2025,28.272128071015516,67.89743736682004,1919.6050449284908
STEPHON CASTLE,San,G,2025,28.778986060682563,66.36520125195727,1909.9232017444713
MARK WILLIAMS,Cha,C,2025,34.426257669586136,55.2873279198959,1903.33579683324
RUDY GOBERT,Min,C,2025,27.692664734503946,68.63500026265447,1900.6860513262807
JORDAN POOLE,Was,G,2025,32.71477986423179,57.99807880724236,1897.3943807273006
MYLES TURNER,Ind,C-F,2025,30.27514233571236,62.64757269571441,1896.664180349641
MALIK MONK,Sac,G,2025,30.756719569739147,61.55085011276577,1893.102236197384
ALEXANDRE SARR,Was,C,2025,30.296764839123714,62.36262524077538,1889.3857916701725
ISAIAH HARTENSTEIN,Okc,C-F,2025,30.646441351633737,59.867646389037894,1834.730313921997
JAKOB POELTL,Tor,C,2025,31.660443734360836,57.87532227958555,1832.3583846408185
JADEN MCDANIELS,Min,F,2025,25.697686971106208,71.13359703503733,1827.968909735198
JIMMY BUTLER,Gol,F,2025,30.79013278656579,59.10700871888947,1819.9126470713086
KRISTAPS PORZINGIS,Bos,F-C,2025,33.95690188194249,53.306173604039614,1810.112506774166
KEEGAN MURRAY,Sac,F,2025,24.590766450764075,73.52213711595866,1807.9657027795924
DEVIN VASSELL,San,G-F,2025,28.315085449862337,63.29649939764279,1792.2457891214156
CJ MCCOLLUM,Nor,G,2025,30.27757817753172,59.01602459078641,1786.86229827467
PAYTON PRITCHARD,Bos,G,2025,25.815646395229138,69.16071921850394,1785.4286717846257
BENNEDICT MATHURIN,Ind,G-F,2025,26.705390612919018,65.93371761456365,1760.7856834588213
CAMERON JOHNSON,Bro,F,2025,29.1158560186952,60.14215619212562,1751.0903603438076
YVES MISSI,Nor,C,2025,25.526328280583332,66.95806286668143,1709.1934937668468
ANDREW WIGGINS,Gol,F,2025,28.763778830292555,59.14672878922027,1701.2834254284292
PJ WASHINGTON,Dal,F,2025,28.730366389330165,58.97408304212521,1694.3470132750401
NORMAN POWELL,Lac,G,2025,28.4391974588183,59.50573874787722,1692.2954541837353
SANTI ALDAMA,Mem,F-C,2025,26.890410519438554,62.69931173743563,1686.0102319058963
NIC CLAXTON,Bro,C,2025,26.584095091238254,62.859670840044544,1671.0674670156804
CARLTON CARRINGTON,Was,G,2025,23.356999912856885,71.38151970503874,1667.258149530182
QUENTIN GRIMES,Dal,G,2025,26.30475472674834,63.19030395196646,1662.205446565154
FRED VANVLEET,Hou,G,2025,26.2675395783433,62.59283180650724,1644.1596867980143
TOUMANI CAMARA,Por,F,2025,23.727746514766565,69.06861714544146,1638.842639752495
MALIK BEASLEY,Det,G,2025,23.90572738895609,68.20081816003822,1630.3901666376398
LAURI MARKKANEN,Uta,F-C,2025,28.070932499389077,57.91413829131858,1625.7038667358881
COLLIN SEXTON,Uta,G,2025,28.082285159945076,57.605263800348204,1617.6874447552398
KAWHI LEONARD,Lac,F,2025,32.61851758189768,49.57773031692456,1617.1520680131853
JOHN COLLINS,Uta,F-C,2025,32.25687546299669,49.77937533178431,1605.7271107031358
BRANDIN PODZIEMSKI,Gol,G,2025,25.489078578585783,62.566787863227006,1594.7697722555004
TOBIAS HARRIS,Det,F,2025,24.248125277522284,65.69485267812082,1592.9770178274441
KELLY OUBRE JR,Phi,F-G,2025,25.19659757425996,63.05103123767961,1588.6714607379072
BRANDON MILLER,Cha,F,2025,32.8722733877124,47.94469810719998,1576.051223671215
DEANDRE AYTON,Por,C,2025,29.191380017260744,53.924024801098824,1574.116700029069
CAM THOMAS,Bro,G,2025,33.11568283475363,47.43480579984534,1570.8359841958102
CHET HOLMGREN,Okc,C-F,2025,33.184700239730105,47.14970490569935,1564.648823687365
DEJOUNTE MURRAY,Nor,G,2025,34.858209101549456,44.72972450627718,1559.198089894511
BILAL COULIBALY,Was,G,2025,25.49656973392006,60.94625271848197,1553.9203824578908
JOEL EMBIID,Phi,C-F,2025,38.33241820483925,40.38025030400759,1547.872641869306
BROOK LOPEZ,Mil,C,2025,23.41817454404977,65.94418918359591,1544.2925324672879
KELDON JOHNSON,San,F-G,2025,23.445700030066135,65.08572360640478,1525.9803519155607
DE'ANDRE HUNTER,Atl,F-G,2025,25.165426117421344,60.60007091276565,1525.0266072656982
TARI EASON,Hou,F,2025,27.348496148194318,55.51865758966706,1518.3517932439288
ZACCHARIE RISACHER,Atl,F,2025,23.49649823969406,64.41418982192074,1513.5078977620797
DANIEL GAFFORD,Dal,F-C,2025,28.177501398202022,53.427035957684566,1505.4403803994467
JABARI SMITH JR,Hou,F,2025,23.673818549073356,63.42976424165044,1501.624729267334
NAJI MARSHALL,Dal,F,2025,24.02944616871907,61.95721977208177,1488.7976772767356
KEL'EL WARE,Mia,C,2025,24.829324438719574,59.878287260458094,1486.737421224763
SCOTTY PIPPEN JR,Mem,G,2025,24.765670004904024,59.87068136195357,1482.7375375789
ZACH EDEY,Mem,C,2025,25.40463812405551,58.345023829087204,1482.2342167173558
IMMANUEL QUICKLEY,Tor,G,2025,29.561854486751255,49.720239741723006,1469.8224922912023
SCOOT HENDERSON,Por,G,2025,25.551299902694588,57.4920537414886,1468.9967071706096
BOBBY PORTIS,Mil,F,2025,26.631596814555216,55.01685741460564,1465.18676466965
TYUS JONES,Pho,G,2025,21.766963010573416,67.11453824833869,1460.879671523303
DENNIS SCHRODER,Det,G,2025,23.316648733970617,62.16654274441318,1449.5154401768518
RUSSELL WESTBROOK,Den,G,2025,26.119439933064854,55.20853489085016,1442.0160108740758
BRADLEY BEAL,Pho,G,2025,25.630178891136488,55.62147795847335,1425.588430265077
JONATHAN KUMINGA,Gol,F,2025,27.01001051108782,52.52415943063269,1418.6780983074416
JEREMY SOCHAN,San,F,2025,25.05403769054736,56.59403557364656,1417.909100322319
DILLON BROOKS,Hou,G-F,2025,20.711110964707505,68.33411900677743,1415.2755214248955
JONAS VALANCIUNAS,Was,C,2025,23.59133184050994,59.62637283686065,1406.6655480403476
KYLE FILIPOWSKI,Uta,C,2025,23.045670029784656,60.761047718934535,1400.279056394565
AARON WIGGINS,Okc,G,2025,22.143087431709624,63.134315781765785,1397.9886742968044
WENDELL CARTER JR,Orl,C-F,2025,22.26672500794388,62.432530963665805,1390.167998517888
KEON JOHNSON,Bro,G,2025,21.962939532662848,63.264182701500076,1389.4674192563812
DONOVAN CLINGAN,Por,C,2025,24.082736694716466,57.69390447271529,1389.4271103065269
KYLE KUZMA,Mil,F,2025,23.109563320249727,59.58729747646695,1377.0364241149698
AARON GORDON,Den,F,2025,24.054671586560296,56.52742504012719,1359.7486449741646
ANTHONY BLACK,Orl,G,2025,22.11909879722191,61.413138256898925,1358.403272551796
CHRIS PAUL,San,G,2025,21.55750225624672,62.99973417988871,1358.1169117258946
RUI HACHIMURA,Lal,F,2025,21.33992931266681,63.486016620581886,1354.7871070260078
GOGA BITADZE,Orl,C-F,2025,23.374572034652545,57.88503069910532,1353.0378198043113
GRADEY DICK,Tor,G-F,2025,23.0901663526892,58.572470532990415,1352.4480882947348
ISAIAH COLLIER,Uta,G,2025,23.05118451875162,58.51036494084335,1348.7332185108758
BRANDON INGRAM,Nor,F,2025,33.90531895840002,39.68639284062941,1345.579807569903
AUSAR THOMPSON,Det,G-F,2025,25.21905419765597,53.32521140507641,1344.8113965260843
JULIAN CHAMPAGNIE,San,F,2025,20.235377013461324,66.1761838634639,1339.1000297893277
ANDREW NEMBHARD,Ind,G-F,2025,22.090183931776664,60.576712849422506,1338.150728826162
JAYLEN WELLS,Mem,F,2025,19.623337937128454,68.11351973539867,1336.6146158549964
SPENCER DINWIDDIE,Dal,G,2025,20.499086458269158,64.10170254077629,1314.0263425056248
D'ANGELO RUSSELL,Lal,G,2025,24.37221892055832,53.80624652083928,1311.3776194994246
TY JEROME,Cle,G-F,2025,23.34874151370918,56.06099780088535,1308.9537466534907
CASON WALLACE,Okc,G,2025,21.11339933714523,61.93160748102071,1307.5867603381212
KEVIN PORTER JR,Lac,G-F,2025,22.968214658556164,56.77474338988971,1304.0144933634294
AYO DOSUNMU,Chi,G,2025,23.416620285680736,55.53021767418128,1300.3300216575003
HARRISON BARNES,San,F,2025,19.00927348259122,68.31568189916129,1298.6314803708638
GUERSCHON YABUSELE,Phi,F,2025,20.74581370712383,62.44803517091196,1295.5353040316563
MAX CHRISTIE,Lal,G,2025,19.410312743626736,66.65290341984687,1293.7537006499756
OBI TOPPIN,Ind,F,2025,21.100089809455568,61.2779079297034,1292.9693606522912
MATAS BUZELIS,Chi,F,2025,20.80486635326232,62.12151840495897,1292.4298880768968
DRAYMOND GREEN,Gol,F,2025,23.553185784755748,54.869815732979724,1292.3589639341853
KYSHAWN GEORGE,Was,F,2025,21.095711280568466,61.0532394855523,1287.9615129306137
LUGUENTZ DORT,Okc,G,2025,19.63061152151826,65.34191416536163,1282.7017330526053
CARIS LEVERT,Cle,G,2025,22.343433299005756,57.215303148221956,1278.3863095746913
DERECK LIVELY II,Dal,C,2025,26.315460550539893,48.500575191648664,1276.3149731343242
DONTE DIVINCENZO,Min,G,2025,22.57947102017869,56.056224773092566,1265.7199027646664
NICKEIL ALEXANDER-WALKER,Min,G,2025,18.996555837243186,65.66927304280645,1247.4900121488415
JALEN SUGGS,Orl,G,2025,28.885838947452598,43.13835429880827,1246.087554733525
JADEN IVEY,Det,G,2025,28.001918143805497,44.483999067908755,1245.637300608701
PAUL GEORGE,Phi,F,2025,26.547007321618214,46.910691061074225,1245.3384590605076
KLAY THOMPSON,Dal,G,2025,20.229345070655985,60.62689098739417,1226.44229834504
ISAIAH STEWART,Det,F-C,2025,20.630046405451665,58.83568298633861,1213.7828703046087
PEYTON WATSON,Den,G,2025,20.2676995961176,59.86443465302594,1213.314378038942
MOSES MOODY,Gol,G,2025,19.343350115363027,61.9724159827391,1198.7541398490418
MILES MCBRIDE,Nyk,G,2025,19.878895931699724,60.29974760370013,1198.6924073217147
OCHAI AGBAJI,Tor,G,2025,19.58721959386489,61.162871559488956,1198.0105962270638
JRUE HOLIDAY,Bos,G,2025,20.146575318620446,59.4531660391285,1197.7776875377494
KEON ELLIS,Sac,G,2025,19.1885697577516,62.08194088885009,1191.2636534423114
JUSTIN CHAMPAGNIE,Was,G-F,2025,21.040894435304065,56.25343941952142,1183.6226804489227
ZIAIRE WILLIAMS,Bro,F,2025,20.28842071358762,58.14272253104997,1179.6240161433318
JERAMI GRANT,Por,F,2025,21.817105391453698,53.99966928898018,1178.1164759813262
JALEN WILSON,Bro,F,2025,17.526926158480016,66.58265667961192,1166.9893070589842
ROYCE O'NEALE,Pho,F,2025,18.904272990177073,61.36379807062632,1160.0379904412212
CLINT CAPELA,Atl,C,2025,21.86925325774598,53.04183561991296,1159.9853364276082
NICK RICHARDS,Pho,C,2025,21.47742794709302,53.928554090738366,1158.2466347747418
BRICE SENSABAUGH,Uta,F,2025,20.032370516062407,57.76369510710316,1157.1437427623516
GARY TRENT JR,Mil,G,2025,18.106454612415366,63.74924254960411,1154.2727668002653
ISAIAH JOE,Okc,G,2025,18.470199117132985,62.43410372204588,1153.170327445921
JOSE ALVARADO,Nor,G,2025,21.915557583054753,52.58527978263108,1152.4357270972964
KEVIN HUERTER,Sac,G-F,2025,19.218102484930526,59.44955137364316,1142.5075709818166
TJ MCCONNELL,Ind,G,2025,20.675812990191417,55.19391725397986,1141.179111339387
BUDDY HIELD,Gol,G,2025,18.46987001679655,61.46869912851624,1135.3188830052702
NIKOLA JOVIC,Mia,F,2025,21.48855093395561,52.75776361888683,1133.68789068604
JALEN SMITH,Chi,F-C,2025,20.978319017555084,53.99642077075526,1132.7541407350413
DAVION MITCHELL,Tor,G,2025,18.2796312341697,61.52648843974231,1124.6815198118943
COLE ANTHONY,Orl,G,2025,21.023967057342574,53.32788563445804,1121.1637108165783
JAIME JAQUEZ JR,Mia,G,2025,19.910089830905463,55.3383295523858,1101.7911124802517
DERRICK JONES JR,Lac,F,2025,17.812390198705017,61.78768064452289,1100.5862771132151
DAY'RON SHARPE,Bro,C,2025,22.40252240893308,48.282317370541556,1081.6456968487762
COREY KISPERT,Was,F,2025,18.16537067178764,59.39989341795019,1079.0210818017442
LUKE KORNET,Bos,C-F,2025,18.391259437555764,58.39555999542429,1073.9678938772008
PATRICK WILLIAMS,Chi,F,2025,18.73607614978084,57.24048701822018,1072.4621236239147
AARON NESMITH,Ind,G-F,2025,20.42091673466847,52.27483031567741,1067.4999571953715
DALTON KNECHT,Lal,F,2025,16.936672619267025,62.78816533109762,1063.4226005772123
MOUSSA DIABATE,Cha,F,2025,18.376204108699234,57.28445205310363,1052.670783182827
JAMAL SHEAD,Tor,G,2025,18.226907597958615,57.482941804574395,1047.73626873081
RYAN DUNN,Pho,F,2025,17.289207946197102,60.49723886195746,1045.949342855139
BRANDON CLARKE,Mem,F,2025,19.070747412104367,54.46449366666233,1038.6786016450753
TERRY ROZIER,Mia,G,2025,17.858091148256527,58.014150676865945,1036.0219906761602
JONATHAN MOGBO,Tor,F,2025,18.76704046895898,55.03684358054653,1032.8786707598822
JORDAN HAWKINS,Nor,G,2025,18.524182792386224,55.30622773028037,1024.5026720330534
DUNCAN ROBINSON,Mia,F,2025,17.025409377298892,60.15672780373004,1024.1929176572426
JARED BUTLER,Was,G,2025,20.17678090397569,50.52903624920707,1019.5132936892966
JUSUF NURKIC,Cha,C,2025,21.467863944449256,47.12678050283614,1011.7113119748102
GRAYSON ALLEN,Pho,G,2025,18.05140092850521,55.888115163837206,1008.858773960897
JAKE LARAVIA,Mem,F,2025,18.18653432384057,55.18219390300545,1003.5728634818344
TRAYCE JACKSON-DAVIS,Gol,F,2025,19.002578947374662,52.80696718263806,1003.4685628595026
LUKE KENNARD,Mem,G,2025,17.80587342214817,56.31896572269975,1002.8083749246933
JORDAN CLARKSON,Uta,G,2025,23.20022556693931,43.174725701770804,1001.6633750718147
NICK SMITH JR,Cha,G,2025,17.78748914202884,56.28059149400217,1001.0904101065241
RONALD HOLLAND II,Det,F,2025,16.697547163851038,59.71098492177652,997.0269869313616
JARED MCCAIN,Phi,G,2025,22.84779785348317,43.523137789639875,994.4078541669861
JUSTIN EDWARDS,Phi,F,2025,19.062608843140872,52.080317237921584,992.786715933186
JAYLIN WILLIAMS,Okc,F,2025,20.156145979590164,48.96599430341421,986.9657292153972
TIM HARDAWAY JR,Det,G-F,2025,15.010260294768344,65.67029555463819,985.7282299094876
KEVON LOONEY,Gol,F,2025,17.203663899906275,57.22282026285769,984.4421672069501
GEORGES NIANG,Cle,F,2025,16.141109723365926,60.83500407212873,981.9444757496427
BRANDON BOSTON JR,Nor,G,2025,20.3503307894525,48.06129455045563,978.0632422710828
AL HORFORD,Bos,C-F,2025,17.24066165834943,56.51550719154468,974.3647379394358
MAX STRUS,Cle,G-F,2025,18.05542746208379,53.89957063065036,973.1797877591695
TAUREAN PRINCE,Mil,F,2025,15.109950317390474,64.29920917513377,971.557856083769
SAM HAUSER,Bos,F,2025,15.87782253722904,60.90052394753207,966.9677116631816
JARACE WALKER,Ind,F,2025,17.019734562776126,56.51268104822689,961.8308308716505
KRIS DUNN,Lac,G,2025,16.634488749854533,57.820393374251914,961.8126830961571
JOHNNY JUZANG,Uta,G,2025,16.93615280129475,56.668732744813596,959.7503168218983
TRISTAN DA SILVA,Orl,F,2025,15.457727441590773,62.01814579235728,958.6595940910985
RICKY COUNCIL IV,Phi,G,2025,16.331707520346477,58.01667489515074,947.51136569063
JULIAN STRAWTHER,Den,G,2025,16.56722796216561,56.91598000689972,942.9400154643679
DALANO BANTON,Por,F,2025,18.216648923755443,51.676447673508704,941.3717048951268
PRECIOUS ACHIUWA,Nyk,F,2025,17.801954523901045,52.84666349993375,940.7739003657218
JA'KOBE WALTER,Tor,G,2025,17.98910645461458,52.25169468349546,939.9612980954184
JONATHAN ISAAC,Orl,F,2025,17.62696261108232,53.15732603329949,937.0021984940829
AMIR COFFEY,Lac,G-F,2025,15.119203772483942,61.75230909189273,933.645744581739
MIKE CONLEY,Min,G,2025,16.402078810676358,56.905360326425686,933.3662048239698
CAM WHITMORE,Hou,F,2025,19.22792678027859,48.43349836270745,931.2757602308818
TYRESE MARTIN,Bro,F,2025,17.121531286838305,54.295086520135456,929.615022576092
NOAH CLOWNEY,Bro,F-C,2025,17.988390141315378,51.352897833278504,923.7559611121229
JAXSON HAYES,Lal,C-F,2025,17.88914241476606,51.631439202718084,923.6421689767592
KENTAVIOUS CALDWELL-POPE,Orl,G,2025,14.387413047168824,63.684156348440176,916.2502619454875
TRE JONES,San,G,2025,18.64628721304217,48.72046610650287,908.455804175139
JEREMIAH ROBINSON-EARL,Nor,F,2025,16.068147050887625,56.470467246959146,907.3757717564728
VIT KREJCI,Atl,G,2025,17.206390627154775,52.497369004635814,903.2902379916512
HAYWOOD HIGHSMITH,Mia,F,2025,14.609787939172865,61.25043458259217,894.8558604338516
TIDJANE SALAUN,Cha,F,2025,15.914907423187671,56.1875091737572,894.2190068398538
KHRIS MIDDLETON,Mil,F,2025,20.747034998627974,42.90605445646816,890.1734134613828
AJ GREEN,Mil,G,2025,14.273168476866488,62.22598636650722,888.1619870483547
TRENDON WATFORD,Bro,G-F,2025,19.431111884876984,45.1024988797273,876.3917020195199
ZACH COLLINS,San,F-C,2025,16.998030296240266,51.39216569011969,873.565589390054
BOGDAN BOGDANOVIC,Lac,G,2025,16.996610166601634,51.341767985298034,872.6360157102189
TERANCE MANN,Lac,G-F,2025,15.436640871065824,56.51665547715641,872.4273138346189
KARLO MATKOVIC,Nor,F-C,2025,19.10601619104498,45.393250422095996,867.2841775287254
JOSH GREEN,Cha,G,2025,14.152061507080731,61.070045394324254,864.2670386606892
BEN SIMMONS,Bro,G-F,2025,18.103130182040953,47.57388425685416,861.2362199671794
TREY LYLES,Sac,F,2025,15.120108336685451,56.92720987923703,860.7455806792942
THOMAS BRYANT,Ind,C-F,2025,16.37917611419953,52.21806783216586,855.2889293662619
DORIAN FINNEY-SMITH,Lal,F,2025,14.417360038025127,58.9275082591464,849.579102715813
ADEM BONA,Phi,F,2025,17.507529706356124,48.32795437255334,846.103096824901
MORITZ WAGNER,Orl,F-C,2025,22.061774162268303,38.11010229033191,840.7764700302466
CHRIS BOUCHER,Tor,F,2025,17.861464890068362,46.769844066914416,835.3779277151639
DREW TIMME,Bro,F,2025,20.529102980613867,40.59959087251755,833.4731819927036
ALEX CARUSO,Okc,G,2025,17.74530525042613,46.92626389365662,832.720877054987
MALCOLM BROGDON,Was,G,2025,20.74971918453594,39.59423515166231,821.5692607234747
SAM MERRILL,Cle,G,2025,14.167219754159047,57.16252053100365,809.8339900643571
JULIAN PHILLIPS,Chi,F,2025,13.72288688394541,58.721696893986206,805.8312041095012
CODY MARTIN,Cha,F,2025,16.199436308434496,49.69134038052444,804.9717035750448
HERBERT JONES,Nor,F,2025,19.338476232119753,41.54756017393856,803.466504926276
CAMERON PAYNE,Nyk,G,2025,15.072352432886728,53.25025429056194,802.6065998081882
MASON PLUMLEE,Pho,F-C,2025,14.396908637322658,55.41425767201236,797.7940049090182
TRE MANN,Cha,G,2025,21.605368059372733,36.4744660625257,788.0442640499675
LONNIE WALKER IV,Phi,G-F,2025,19.60941519960624,40.01122608147962,784.5967448770481
TRISTAN VUKCEVIC,Was,F,2025,19.73432906705984,39.609229561230904,781.6615702540449
KYLE ANDERSON,Gol,F-G,2025,15.677910604821252,49.65567798966449,778.4972805437501
TOSAN EVBUOMWAN,Bro,F,2025,18.41014550932724,42.26890923994121,778.1767696278644
JAMISON BATTLE,Tor,F,2025,14.486682798028362,53.343645127110605,772.7724662470426
ORLANDO ROBINSON,Tor,C,2025,16.852012642576504,45.79091128215979,771.6690158420558
LONZO BALL,Chi,G,2025,18.172131918202346,42.34547580900963,769.5075725403692
BEN SHEPPARD,Ind,G,2025,13.57855071921095,56.48884231481827,767.0366104412695
JAY HUFF,Mem,C,2025,15.861308155418918,47.84622684146925,758.9037480066198
SANDRO MAMUKELASHVILI,San,F-C,2025,15.612416174804691,48.555168513356676,758.0634982682973
CALEB MARTIN,Phi,F,2025,15.242257583481297,49.47543297934468,754.1172935254372
GRANT WILLIAMS,Cha,F,2025,19.066418502104458,39.52462386613567,753.5930197700086
RYAN ROLLINS,Mil,G,2025,15.967739450693413,47.17526418513316,753.2823270258348
KENRICH WILLIAMS,Okc,G-F,2025,13.982532324124122,53.76887665530866,751.8250558646962
JADEN HARDY,Dal,G,2025,15.824907311895428,47.468068156057846,751.1777788443503
BRUCE BROWN,Nor,G-F,2025,16.03928380384898,46.62967030232412,747.9065156588852
KJ SIMPSON,Cha,G,2025,16.75477514277789,44.62680678141336,747.7121129627764
OSO IGHODARO,Pho,F,2025,14.130612997789633,52.89921473287901,747.498331277285
QUINTEN POST,Gol,C,2025,16.884680529730694,44.21523343923178,746.5600911688944
KILLIAN HAYES,Bro,G,2025,20.133001255151374,36.74632958276663,739.8138996120466
NEEMIAS QUETA,Bos,C,2025,14.724712078019719,49.952406318536234,735.534800644699
DEAN WADE,Cle,F-C,2025,13.409345265172439,54.61480476534404,732.3487736884832
ANDRE DRUMMOND,Phi,C,2025,17.64875125931421,41.26948623588084,728.3548971767524
MOUHAMED GUEYE,Atl,F,2025,17.783706198888773,40.60711133268454,722.1449375260286
KELLY OLYNYK,Tor,F-C,2025,17.2417807833532,41.788242471341285,720.5037160124762
MARCUS BAGLEY,Phi,F,2025,18.596039448415482,38.652405888255956,718.7816646741746
ISAAC OKORO,Cle,F-G,2025,13.78134512893724,52.077618436697634,717.6996331692351
DALEN TERRY,Chi,F,2025,13.320128722824773,53.70870729670625,715.4068947286454
JABARI WALKER,Por,F,2025,14.53403968998749,49.14128068876902,714.2213239473847
ISAIAH MOBLEY,Phi,F,2025,22.3373147812749,31.721575978114167,708.5748279812644
MARCUS SASSER,Det,G,2025,14.923683666471423,47.2284443880549,704.8223641068689
OSCAR TSHIEBWE,Uta,F-C,2025,18.98023460270283,36.70309935984652,696.633436496199
SIMONE FONTECCHIO,Det,F,2025,12.46887255266277,55.74344151730274,695.0578679260585
TALEN HORTON-TUCKER,Chi,G,2025,14.656445072940887,47.27031577781176,692.814786778069
GARY PAYTON II,Gol,G,2025,14.001887891739898,48.1088370023333,673.614542308659
GABE VINCENT,Lal,G,2025,11.643484879545763,57.482493025157154,669.2965383770121
KEION BROOKS JR,Nor,F,2025,17.639283026578916,37.78603727641307,666.5186059715112
AJ LAWSON,Tor,G,2025,16.362601875631178,40.644936198079655,665.0569092696077
RICHAUN HOLMES,Was,F,2025,16.56971740159208,39.666661022868766,657.2653634136828
KJ MARTIN,Phi,F,2025,13.518016437703912,48.595226431070344,656.9110696891526
JAVONTE GREEN,Nor,G,2025,12.335035262929441,52.80054253858029,651.2965541151939
KRIS MURRAY,Por,F,2025,12.141774681177827,53.56434821753875,650.3662470015047
DREW EUBANKS,Uta,F-C,2025,13.695336802053829,47.396223531578535,649.1072444103972
TOLU SMITH,Det,F,2025,20.043038113114747,32.18793004191427,645.1439086123589
AJ JOHNSON,Was,G,2025,14.697479170891986,43.46851482758583,638.8775912680521
GUI SANTOS,Gol,F,2025,13.18628800161964,47.75596743199509,629.7239403542552
DAQUAN JEFFRIES,Cha,G-F,2025,12.70090139215652,49.28890579292876,626.0135322032804
ROBERT WILLIAMS III,Por,C-F,2025,18.655454599657478,33.45827293761152,624.1792917705601
JOSH OKOGIE,Pho,G,2025,15.578217560316443,39.87131603530118,621.1240356140554
REED SHEPPARD,Hou,G,2025,13.637953767307192,44.787470779598074,610.8094558467803
MARCUS SMART,Mem,G,2025,16.22601098652479,37.45838931331915,607.8002365354394
SVI MYKHAILIUK,Uta,G-F,2025,14.500374913769773,41.864010941468585,607.0438540454544
GARRISON MATHEWS,Atl,G,2025,13.465850216300575,44.95621131701725,605.3736078873111
JEFF DOWTIN JR,Phi,G,2025,14.346937418342812,42.110650741944696,604.1588708403718
ANDRE JACKSON JR,Mil,G,2025,11.682038618562366,51.56785376486634,602.4176591575454
STEVEN ADAMS,Hou,C,2025,13.102076947810408,45.96897649056368,602.289067191453
BRANDON WILLIAMS,Dal,G,2025,16.32944050609586,36.845517457066634,601.666685231486
AJAY MITCHELL,Okc,G,2025,14.223364851063542,41.518326246968456,590.53030221612
LARRY NANCE JR,Atl,F-C,2025,16.003932248287846,36.83072903522971,589.4364921348642
GG JACKSON,Mem,F,2025,15.149200009450375,38.68039772252263,585.9770815435841
COLLIN GILLESPIE,Pho,G,2025,14.916611022807327,39.12357015294289,583.5910777949637
BOL BOL,Pho,C-F,2025,15.23995362068023,38.2822748931171,583.4200938652358
ANTONIO REEVES,Nor,G,2025,13.310270057596949,43.71605877367321,581.8725481313709
CODY WILLIAMS,Uta,F,2025,11.4732154004995,50.68341519650484,581.5017397824497
PELLE LARSSON,Mia,G,2025,11.976332031491598,47.82874151094384,572.8128889834486
SHAKE MILTON,Lal,G,2025,12.001822213563143,47.27615793611065,567.4000424895322
ISAIAH JACKSON,Ind,F,2025,19.952696043348443,28.243330646849508,563.530591648376
BLAKE WESLEY,San,G,2025,12.305630578900605,45.734940650483985,562.7972841928
OLIVIER-MAXENCE PROSPER,Dal,F,2025,12.261314183493663,45.4530943331991,557.3146702313295
MATISSE THYBULLE,Por,G-F,2025,17.75214468583839,31.288233522219514,555.4332484507397
JETT HOWARD,Orl,G,2025,11.535201923621102,48.06865905498177,554.4816883969127
VINCE WILLIAMS JR,Mem,G,2025,14.375945878660971,38.567931238265395,554.4504921332211
KAI JONES,Lac,C-F,2025,13.818656231295606,39.973720676473306,552.3831043140178
AARON HOLIDAY,Hou,G,2025,11.57246842399852,47.70905580443241,552.1115418355774
JARRED VANDERBILT,Lal,F,2025,13.7313162983016,40.05706155272152,550.0361821609554
CHARLES BASSEY,San,C-F,2025,14.866440337858243,36.837943926300596,547.6490955497153
MITCHELL ROBINSON,Nyk,C-F,2025,16.4198600105951,33.31128586195423,546.9666506262042
NICOLAS BATUM,Lac,G-F,2025,9.84367945429749,55.014463188859956,541.5447409813863
PAUL REED,Det,F,2025,14.232331345659734,37.966418998903954,540.350655200552
CALEB HOUSTAN,Orl,G,2025,10.736035302665545,49.74706246677566,534.0862188472116
KESSLER EDWARDS,Dal,F,2025,12.512422550112595,42.57557985820124,532.7236455018767
ROB DILLINGHAM,Min,G,2025,12.788454135975067,41.59268182287149,531.9061038839959
LINDY WATERS III,Gol,F,2025,11.485202885926338,46.27179926903601,531.4410025017365
JORDAN GOODWIN,Lal,G,2025,13.799854342254429,38.25279152363459,527.8829512107823
ZEKE NNAJI,Den,F-C,2025,11.5870834309881,45.45480375273698,526.6886034221544
CHUMA OKEKE,Phi,F,2025,14.112544977490753,37.02235778017527,522.4796893454782
DE'ANTHONY MELTON,Gol,G,2025,18.56937943928584,27.892053975004146,517.9381336028929
JALEN PICKETT,Den,G,2025,11.554427502366213,44.76579855760543,517.243174019382
TAYLOR HENDRICKS,Uta,F,2025,15.979754836566865,32.36772867865464,517.2283689014156
SETH CURRY,Cha,G,2025,10.149972171927427,50.65914508221449,514.1889128381113
ALEC BURKS,Mia,G,2025,11.474860817164371,44.78456474593369,513.8966472168754
DAMION BAUGH,Cha,G,2025,14.790797006616469,34.630052907016264,512.2060828760661
DOMINICK BARLOW,Atl,F,2025,12.941925950789127,39.122515996389716,506.3207050338388
MO BAMBA,Lac,C,2025,13.872242191583394,36.395454507377345,504.886559599094
JALEN HOOD-SCHIFINO,Phi,G,2025,14.013675157770532,35.731707238249456,500.7325380693859
JARED RHODEN,Tor,G,2025,15.234181949105768,32.48392925082646,494.86608862896935
COLBY JONES,Sac,G,2025,12.399923661896791,39.82452814847903,493.8211089122
DANTE EXUM,Dal,G,2025,14.426509648960398,33.867036882907236,488.5831343729589
ELFRID PAYTON,Nor,G,2025,15.007513264130864,32.49765299953779,487.70895844368556
N'FALY DANTE,Hou,C,2025,17.75748230816717,27.038679169746537,480.1388669929823
JAYLEN NOWELL,Nor,G,2025,14.294558194466486,33.48259502068967,478.6189030250023
BISMACK BIYOMBO,San,C,2025,12.900958033789152,36.895971537780575,475.9933804247862
KEATON WALLACE,Atl,G,2025,13.17012126173304,36.05490061231434,474.8474131439127
COLIN CASTLETON,Tor,C,2025,12.54803638380255,37.75023747828297,473.69135337468134
RON HARPER JR,Det,G-F,2025,13.668452263716812,34.60271330525433,472.96553500794744
MALAKI BRANHAM,San,F,2025,11.5269650575947,40.67195385823861,468.8241909480204
MICAH POTTER,Uta,C,2025,10.901317296174708,42.90626947874956,467.73485758302553
JAYLON TYSON,Cle,G-F,2025,11.234124814931217,41.24358896440516,463.33562624184736
DEANDRE JORDAN,Den,C,2025,10.779876155247418,42.84580994630217,461.87252499240543
DILLON JONES,Okc,F,2025,10.311347837081094,44.5520005265807,459.39117426739364
CRAIG PORTER,Cle,G,2025,11.066478852489958,41.48102489673896,459.04888479937114
QUENTON JACKSON,Ind,G,2025,13.100065977107228,34.787535310921214,455.7190077540153
DANIEL THEIS,Nor,F-C,2025,11.450300141671466,39.655755611477524,454.0703040961901
JOCK LANDALE,Hou,C,2025,11.380891968209937,39.82190184231983,453.20876283610227
DAVID RODDY,Atl,F,2025,12.103845821156526,37.27611539874838,451.184353598089
OUSMANE DIENG,Okc,F,2025,11.729123896837297,38.33000234871919,449.577346514192
WENDELL MOORE JR,Det,G,2025,11.518176689670117,39.01538488442352,449.3860967142748
JAYLEN CLARK,Min,G,2025,10.856687313113344,40.619849339443896,440.99700298411597
PAT CONNAUGHTON,Mil,G,2025,10.898769903408562,40.44882596255622,440.84244702891857
MONTE MORRIS,Pho,G,2025,10.78127517861064,40.85301097489126,440.44755319510324
JAMAL CAIN,Nor,F,2025,11.357438644286571,38.53661296448741,437.6772173027842
VASILIJE MICIC,Cha,G,2025,11.001141130368667,39.57972275371942,435.4221159145314
DEVIN CARTER,Sac,G,2025,11.526416441227802,37.61445313236461,433.55985101268004
JOHNNY FURPHY,Ind,G,2025,10.327250674307052,41.96303608415472,433.362792696058
RAYAN RUPERT,Por,G-F,2025,10.061112877404167,42.3495765902838,426.0838703851184
LANDRY SHAMET,Nyk,G,2025,9.458502676428921,44.96210276936874,425.2741693819464
TYSON ETIENNE,Bro,G,2025,12.386598180145208,33.81238093485952,418.82037615410746
JERICHO SIMS,Nyk,C,2025,9.38087632830023,44.335333207534326,415.90427779386187
OSHAE BRISSETT,Phi,F-G,2025,13.102629093014173,31.621304168019165,414.32221995093823
JAE'SEAN TATE,Hou,F,2025,9.665410867507491,42.61126828034063,411.8554155150816
JOHN KONCHAR,Mem,G,2025,10.017544376037588,41.003252893515715,410.7519054226853
DUOP REATH,Por,C,2025,10.233461979375148,39.940323920069474,408.72778627995876
NAE'QWAN TOMLIN,Cle,F,2025,13.88195600750281,29.20937161387688,405.4832117506402
JOSH MINOTT,Min,F,2025,10.231334424079973,38.31145101806871,391.9772676376201
DRU SMITH,Mia,G,2025,13.19750462406628,29.382507270686038,387.77577557154007
JAYLEN MARTIN,Was,G,2025,11.534249415468745,33.06277597848386,381.35430450360155
TREVELIN QUEEN,Orl,G,2025,11.164749582503052,34.09625545846832,380.6761538948516
MARVIN BAGLEY III,Was,F,2025,11.384328564724335,33.41054689214182,380.3566433472719
JADEN SPRINGER,Bos,G,2025,9.867845566040835,38.223900163969496,377.1875437498139
JORDAN WALSH,Bos,G,2025,8.878052530048747,42.45572655595929,376.9241705651921
BRANDEN CARLSON,Okc,C,2025,11.316403645501401,33.124771028295164,374.8532796209986
ALEX REESE,Phi,F-C,2025,12.151107631690287,30.819280562715754,374.48839524881953
BAYLOR SCHEIERMAN,Bos,G,2025,10.168954051179906,36.732959638053345,373.5357787232105
ERIC GORDON,Phi,G,2025,9.302241420164801,39.910227859384364,371.2545746817804
JAYLEN SIMS,Cha,G,2025,12.474427333986192,29.707687327039142,370.58638682193225
MARCUS GARRETT,Cha,G,2025,13.79118938788558,26.845062307729712,370.2253384154892
BONES HYLAND,Lac,G,2025,12.880542186754,28.74050664724639,370.19330833854093
MAXWELL LEWIS,Bro,F,2025,10.52432344674557,35.07275931358591,369.11706318603626
ISAIAH WONG,Cha,G,2025,11.714831011707908,31.331884248390644,367.0477292482892
TERRENCE SHANNON JR,Min,G-F,2025,10.315428273239611,35.507294449936296,366.2729490751168
REECE BEEKMAN,Bro,G,2025,9.719234811131138,37.609841724634464,365.5388829311996
KOBE BUFKIN,Atl,G,2025,12.64194408514502,28.6699397937663,362.44377579726773
HUNTER TYSON,Den,F,2025,8.781732634467618,41.22187971648118,361.99952636032157
JORDAN MILLER,Lac,G,2025,9.892295395873044,36.55837206030189,361.6462156127381
DARIQ WHITEHEAD,Bro,G-F,2025,11.235444495329677,32.11413568365842,360.81658898923035
LESTER QUINONES,Nor,G,2025,12.033643335787524,29.399844962058282,353.787248400859
CHRISTIAN KOLOKO,Lal,C,2025,9.52168991690445,36.799829181124665,350.39656245772085
CAM REDDISH,Lal,F-G,2025,8.778418080436742,39.574191860801875,347.39880134953574
CAM SPENCER,Mem,G,2025,10.383303058231995,33.32402474556019,346.01344805317376
TREY JEMISON,Lal,C,2025,9.245895530178796,36.77095937001839,339.98044887963914
ISAAC JONES,Sac,F,2025,9.385568998859593,36.20029427194497,339.7603596683612
TYLER KOLEK,Nyk,G,2025,9.296464280525223,36.534789013877145,339.64436106403423
JEVON CARTER,Chi,G,2025,9.451610621576528,34.423866099513745,325.3609784618923
JT THOR,Was,F,2025,9.91957336872326,32.21387976013194,319.547943771858
COLE SWIDER,Tor,F,2025,10.07542395310476,31.690563833100185,319.295865931413
CORY JOSEPH,Orl,G,2025,7.817461549260859,40.75109577406229,318.5701243039787
DELON WRIGHT,Mil,G,2025,8.230675630637531,38.43551601489429,316.350265014769
LUKA GARZA,Min,C,2025,9.236462079636153,34.22919946090793,316.15670283697835
MOSES BROWN,Ind,C,2025,12.542331013974819,25.141253254865198,315.32992042869114
DWIGHT POWELL,Dal,F-C,2025,7.573455616731,41.33977417436581,313.08494491524186
KEVIN LOVE,Mia,F-C,2025,10.845835210761468,28.205463284486257,305.91180682672086
JOHNNY DAVIS,Was,G,2025,8.794446043002871,33.89418141760775,298.0805496489019
TONY BRADLEY,Ind,C-F,2025,11.311969708537553,26.066720115755164,294.8659483503489
KOBE BROWN,Lac,F,2025,7.987941326451412,35.8356835222578,286.253337369077
KYLE LOWRY,Phi,G,2025,7.7305138839754814,36.96113509405687,285.7285680121001
BRUNO FERNANDO,Tor,F-C,2025,10.762007722754525,26.311985281784086,283.16978880356373
TYLER SMITH,Mil,F,2025,9.42998286029448,29.31490292457814,276.4390321299684
GARY HARRIS,Orl,G,2025,6.566070108167397,42.00427667581448,275.80302549625844
PAT SPENCER,Gol,G,2025,8.334016798512003,32.86454459133001,273.8936666995911
BRONNY JAMES,Lal,G,2025,8.80750372038212,30.807367488179636,271.33600376732136
TORREY CRAIG,Bos,F,2025,8.427177759978054,31.434416179973798,264.9034129297695
JORDAN MCLAUGHLIN,Sac,G,2025,7.266774572423529,36.25601742592969,263.4643055280902
ALEX LEN,Sac,C,2025,7.072694084645155,36.43341328551479,257.68238662789264
MAXI KLEBER,Dal,F,2025,6.5877267154434875,38.660711914982656,254.6862047203956
DAEQWON PLOWDEN,Atl,G-F,2025,9.784474205731815,25.565691545146464,250.14684947518154
ELIJAH HARKLESS,Uta,G,2025,8.816863167838346,28.080943736609118,247.58583854944982
LAMAR STEVENS,Mem,F,2025,9.253995270555787,26.671870021209394,246.8213590331504
REGGIE JACKSON,Phi,G,2025,7.574133484539065,32.52254303714071,246.33008221997025
EMONI BATES,Cle,F,2025,9.328782000766392,26.308634655975553,245.42751744340364
ARIEL HUKPORTI,Nyk,C,2025,8.211728908764771,29.802402199820243,244.7292476948987
MARJON BEAUCHAMP,Mil,F,2025,7.63970143909632,31.771321194282905,242.7234082499545
KESHAD JOHNSON,Mia,F,2025,9.167816628563763,25.757231050383176,236.13757112946175
KYLOR KELLEY,Dal,C,2025,8.37914535864632,27.998818134617807,234.6061670202652
ADAM FLAGLER,Okc,G,2025,6.901507092010595,33.642144354619376,232.18149785384983
TRISTAN THOMPSON,Cle,C-F,2025,6.73136624644944,34.35393879721181,231.24894405214144
PATRICK BALDWIN JR,Was,F,2025,7.804186285507203,28.765493840227165,224.49127252374277
DREW PETERSON,Bos,F,2025,7.369151433087763,30.178245210668507,222.38805894227175
PACOME DADIET,Nyk,F,2025,7.78989965432935,28.268272701688346,220.20700774736986
RAYJ DENNIS,Ind,G,2025,9.666488328266013,22.72318833349823,219.65343480675105
ANTHONY GILL,Was,F,2025,5.660618792744812,38.777792271027955,219.50629967053538
JAMES WISEMAN,Ind,C,2025,10.471217393601513,20.87620127103429,218.59924186158028
DARIO SARIC,Den,F-C,2025,7.8326065882046825,27.815842388899135,217.87055035175445
MARKELLE FULTZ,Sac,G,2025,7.911221245161912,27.04711720292864,213.97572823619328
JEFF GREEN,Hou,F,2025,6.3728396771640785,33.040783201208924,210.56361414924058
SIDY CISSOKO,San,G,2025,7.4705839520900295,27.874359083369644,208.2377396430162
CHRIS LIVINGSTON,Mil,F,2025,7.452115030284981,27.942640826991635,208.2317736926791
PETE NANCE,Phi,F,2025,7.297535386634948,28.175719324770064,205.61330881640367
MILES NORRIS,Bos,F,2025,8.17277908239588,25.123464372695455,205.32852410248356
KEVIN KNOX II,Gol,F,2025,8.379315096048684,24.439504203273966,204.7863065104388
TYTY WASHINGTON JR,Pho,G,2025,7.380041229208647,27.612996046207414,203.78504928298608
CAM CHRISTIE,Lac,G,2025,8.270010554212874,24.506694751915035,202.67062424721058
MALACHI FLYNN,Cha,G,2025,9.485440313443032,21.07533974859197,199.9088772708026
YURI COLLINS,Gol,G,2025,8.955168459897102,22.21542716687824,198.94289268796925
PJ HALL,Den,C,2025,7.576590097079281,26.173489330031103,198.30580006392387
ENRIQUE FREEMAN,Ind,F,2025,6.56709038544366,29.819253045619217,195.82572997699754
BOBI KLINTMAN,Det,F,2025,8.231659086969563,23.23863756069251,191.29254204526669
NATE WILLIAMS,Hou,G,2025,7.550499145379928,25.224107283094426,190.4546004839761
JACKSON ROWE,Gol,F,2025,8.452481809543736,22.445215548833765,189.71777613780563
YUKI KAWAMURA,Mem,G,2025,6.920939294852246,27.20423520850662,188.27886044095646
TREY ALEXANDER,Den,G,2025,6.518621243592224,28.634012761235084,186.65428387467787
ALONDES WILLIAMS,Det,G,2025,9.428568462700584,19.296199575731237,181.93553876971592
TAJ GIBSON,Cha,F,2025,5.702477329320658,31.70350659919057,180.78852764185208
DOUG MCDERMOTT,Sac,F,2025,5.10300644632168,35.371150719708055,180.4992101364859
TAZE MOORE,Por,G,2025,9.124478991562324,19.51234376474376,178.03997075754654
XAVIER TILLMAN,Bos,F,2025,5.6686756807522265,31.341588881536314,177.6653026888993
SPENCER JONES,Den,F,2025,6.663261733927913,26.532019623930537,176.7897910839608
JOSH CHRISTOPHER,Mia,G,2025,7.670637685034753,23.033772697987317,176.6837248857061
JD DAVISON,Bos,G,2025,7.448906653029818,23.68085866279918,176.3965056427836
KEVIN MCCULLAR JR,Nyk,G,2025,7.650425059646759,22.921605624517827,175.36002607715128
ALEX DUCAS,Okc,G,2025,6.254906761084258,27.868257630190854,174.31335307071873
ARMEL TRAORE,Lal,F,2025,7.157989855447729,23.936662005643147,171.33838380967475
JAMAREE BOUYEA,Mil,G,2025,8.741173781436773,19.341177055848462,169.06458978270905
PHILLIP WHEELER,Phi,F,2025,7.028091392392556,23.881565591092777,167.84182556761738
MASON JONES,Sac,G,2025,7.284165269760427,22.650763833062747,164.99190724634124
LEONARD MILLER,Min,F,2025,7.156487161279048,22.360747737908547,160.02440410294204
JAZIAN GORTMAN,Dal,G,2025,6.544084064833912,23.891032138321812,156.34492270882663
MARKIEFF MORRIS,Lal,F,2025,5.973439959778667,25.91290632532006,154.78919011766823
JOSH RICHARDSON,Mia,G,2025,5.951777749345996,25.989496742294115,154.68370842748635
HARRISON INGRAM,San,F,2025,6.859763143467941,22.30910688948712,153.03518920419046
CHRIS DUARTE,Chi,G,2025,6.091465981919786,24.906952131852286,151.7198516244827
JACOB TOPPIN,Nyk,F,2025,5.780354167301585,25.079888574073205,144.97063843460347
STANLEY UMUDE,Mil,G,2025,5.534604343030685,25.79580525065448,142.76957577224604
DAVID DUKE JR,San,G,2025,6.8050694236365485,20.93274780391438,142.44880203311286
VLATKO CANCAR,Den,F,2025,5.676836323819721,25.01206416698172,141.98939439683147
DAMION LEE,Pho,G-F,2025,5.4754445551229125,25.798717471562004,141.25944710881853
ULRICH CHOMCHE,Tor,C,2025,6.260305926144632,22.553077510714267,141.18916479312375
PATTY MILLS,Uta,G,2025,4.868923233714852,28.918918085346167,140.80399215963857
TRENTYN FLOWERS,Lac,F,2025,6.268268696206841,22.159789075565882,138.90351217691594
EJ LIDDELL,Chi,F,2025,5.9758033466087905,23.04457026393907,137.70982010440852
EMANUEL MILLER,Chi,F,2025,6.478345163474362,21.128508776625686,136.87777264447863
LUKE TRAVERS,Cle,F,2025,5.689958573219836,23.89489172329931,135.9609440171466
ADAMA SANOGO,Chi,F,2025,6.372143445601225,21.246939900334866,135.38854882500195
JAHMIR YOUNG,Chi,G,2025,6.070508950272812,21.467413721292903,130.31812713431793
ISAIAH CRAWFORD,Sac,F,2025,5.444625783092286,23.23114144673938,126.48487169158106
JUSTIN MINAYA,Por,F,2025,4.772152216566516,24.58434956593848,117.32025827393939
BRYCE MCGOWENS,Por,G,2025,5.2640184634862095,21.619674136094833,113.80636382695846
MATT RYAN,Nyk,F,2025,4.375270461393354,23.543924159723886,103.01103592132526
DANISS JENKINS,Det,G,2025,4.837854516500681,20.57764346918887,99.55164539635614
LIAM ROBBINS,Mil,C,2025,4.591796164786988,20.88642253209998,95.90619487901722
CUI YONGXI,Bro,F,2025,4.770340154179023,19.633042919423666,93.65629298724687
GARRETT TEMPLE,Tor,G-F,2025,3.6046353106570823,25.69732565505576,92.62948744566813
ANTON WATSON,Nyk,F,2025,4.528715803078868,19.700007175322295,89.21573381564917
JAE CROWDER,Sac,F,2025,3.8003150949443834,23.44165217171397,89.08566459860039
TRISTEN NEWTON,Ind,G,2025,4.3694729169130815,18.932946713340876,82.72699790130149
MAC MCCLUNG,Orl,G,2025,4.116949041098165,19.992840518725057,82.30950560239366
JACK MCVEIGH,Hou,G-F,2025,3.962909525616345,20.147181905036142,79.84145908579299
PJ DOZIER,Min,G-F,2025,3.80340489283933,20.169448758168166,76.71258009268895
JALEN BRIDGES,Pho,F,2025,3.9097816921570825,19.494671723817618,76.21991060039447
DJ CARTON,Tor,G,2025,3.9947155599617155,18.65918161058819,74.53812311596813
QUINCY OLIVARI,Lal,G,2025,4.015805434340381,18.225763866516125,73.19112158016
RILEY MINIX,San,F,2025,3.3927806535187015,21.490667273104485,72.9131201553964
ISAIAH STEVENS,Mia,G,2025,4.1081189629344825,17.166555056196632,70.52225035462021
SKAL LABISSIERE,Sac,F-C,2025,3.926567291366627,17.934519365639865,70.42109712750285
TERRY TAYLOR,Sac,F,2025,3.754092901424582,17.72337967712518,66.53521383514834
DAISHEN NIX,Min,G,2025,4.195952207420339,15.751745555161047,66.0935715329015
BRAXTON KEY,Gol,F,2025,4.07422735334333,15.208100234734516,61.96125796874249
MALEVY LEONS,Okc,F,2025,3.059557053027774,19.040514829283772,58.25554143921509
JAHLIL OKAFOR,Ind,C-F,2025,3.330092692936052,17.207500455025038,57.30257152897267
JESSE EDWARDS,Min,C,2025,3.1674665934197304,17.40477755546891,55.12905147284929
TERENCE DAVIS,Sac,G,2025,2.548947697310968,21.13860057519389,53.881187260516775
ZYON PULLIN,Mem,G,2025,3.163450502000745,16.707532423324196,52.853451831758655
JALEN MCDANIELS,Was,F,2025,2.9949121837146357,16.304666947339932,48.83104569199768
JOE INGLES,Min,F-G,2025,1.2362812514304018,21.269418564261624,26.29498339982238
PJ TUCKER,Nyk,F,2025,0.7339624029109046,25.169890306719175,18.47375317052349
JAMES JOHNSON,Ind,F,2025,0.5790859623375386,16.129326671874075,9.340266657638727
