NAME,POS,FP_total_pred,MC_mean,MC_std,MC_p10,MC_p50,MC_p90
NIKOLA JOKIC,C,4407.365255847376,4412.431912773556,324.9418587261037,3991.2336469468623,4409.039628627795,4825.033997453295
SHAI GILGEOUS-ALEXANDER,G,3894.644623264972,3890.8431534693996,494.4690573513655,3257.588364399886,3884.512985995224,4529.135389843517
GIANNIS ANTETOKOUNMPO,F,3838.35381040359,3837.8383369490443,217.71136763583368,3554.9822166501367,3841.3438502033655,4114.980515492631
JAYSON TATUM,F-G,3336.957317962507,3335.1726152993606,213.15375993916157,3058.300581003301,3333.5195032957718,3608.0767678146017
ANTHONY EDWARDS,G,3114.2554154571408,3108.8517632416056,360.0773933538332,2643.485643777532,3107.0413623520844,3573.058487039613
CADE CUNNINGHAM,G,3111.410385004317,3111.92377222906,415.14828567665444,2589.540857746867,3098.7220243337083,3648.504526623665
KARL-ANTHONY TOWNS,C-F,3092.850203576093,3095.3624388270537,344.49933085338876,2663.194711387014,3094.401392692319,3541.5143254568793
LUKA DONCIC,F-G,2963.9559015063996,2962.814818217288,326.59011116671473,2541.520932912117,2962.5497604672337,3381.598234778561
DOMANTAS SABONIS,F-C,2946.5035165041513,2950.783094716146,224.8832383308789,2665.5814004561435,2946.966528608724,3241.4569992937086
VICTOR WEMBANYAMA,F-C,2922.3069677923204,2924.3934582943657,273.24389448734246,2574.465194278325,2921.3156556152553,3276.0747470097454
ALPEREN SENGUN,C,2920.166592171411,2916.576120193736,647.9162486322973,2088.6590436238585,2914.102074614094,3748.316906654037
TYRESE HALIBURTON,G,2900.207243355593,2901.986093912681,465.1891112981635,2313.0711421542032,2898.689462460439,3495.9773812379235
DEVIN BOOKER,G,2865.2442659133876,2866.55470641668,237.34269462215394,2562.8003397203147,2863.4279232813906,3170.6074591243714
TRAE YOUNG,G,2849.3252307463326,2851.5155809165435,184.5027126523677,2614.617799779372,2851.8122873724283,3090.354386246095
ANTHONY DAVIS,F-C,2825.403732889471,2824.574490645428,322.4107405289268,2418.181029273854,2814.3683347690508,3246.69768892447
TYLER HERRO,G,2808.1884235725634,2803.5890295720333,327.7589605390515,2382.640368012983,2801.2553071040056,3220.437752144326
IVICA ZUBAC,C,2782.0954309077288,2783.9542624674145,502.95456706091034,2133.7190714269627,2779.720136230009,3428.9875197622277
JALEN BRUNSON,G,2679.523809387046,2674.859587643742,620.4918826564098,1888.5989393885618,2663.2175966978575,3477.5536530045947
BAM ADEBAYO,C-F,2666.063168631161,2664.8333238879136,120.77566327603991,2505.8186892094805,2670.117549960036,2818.485220686875
EVAN MOBLEY,C,2650.5809053248727,2652.0945348585574,208.23545273330177,2385.33028513385,2652.2957580168477,2921.2230520191083
JALEN WILLIAMS,G-F,2634.7596015155564,2626.6032901578715,477.5390085962583,2015.115014696888,2623.5635020044297,3243.960715292117
TYRESE MAXEY,G,2622.294262823875,2600.701025742407,768.9464071453502,1610.5264924199796,2593.438252405327,3585.854325068303
FRANZ WAGNER,F,2619.9323874786005,2625.4810757612936,410.61206272047633,2106.2585658681023,2619.3143609215945,3150.393682198788
LEBRON JAMES,F,2559.951093547457,2558.661529193433,246.9424944453424,2246.6442602885027,2556.0861575913696,2880.04586272806
PAOLO BANCHERO,F,2556.306544550108,2552.138994055569,297.97561466499985,2169.1024926483374,2547.967369784995,2934.317683504867
SCOTTIE BARNES,F-G,2555.7220258589987,2551.130319718539,388.25399654896853,2063.1776239932465,2540.383496225809,3055.6087902655604
DONOVAN MITCHELL,G,2551.0307677453197,2552.8468522888206,236.0637579541261,2256.025587442462,2549.7860477046097,2857.9283294780344
JAMES HARDEN,G,2524.593004201963,2522.4934129282583,345.3039609660418,2083.8937610789244,2519.5927868827785,2965.6561913269684
DE'AARON FOX,G,2491.9701348258845,2489.9460508517236,220.88897674327308,2210.0964521757232,2484.9580390973397,2774.957859260883
PASCAL SIAKAM,F,2460.1660196015227,2458.415548057966,277.4906196583701,2107.5806654026037,2457.089595937615,2819.05327136189
JAREN JACKSON JR,F-C,2444.5357533872675,2444.4101171449934,308.71188599919753,2052.776085412632,2440.004433804328,2845.1970993102263
JAMAL MURRAY,G,2431.6887844981757,2431.517157307623,187.39634598879115,2193.2072802837756,2431.1872142340153,2672.1548176112974
NIKOLA VUCEVIC,C,2381.6040430688904,2382.145212284115,256.4105477545521,2057.799802684567,2376.176231745296,2713.4607762833925
DARIUS GARLAND,G,2378.1569748784764,2380.1284297384545,262.4568397836173,2044.6963356503063,2374.527605595684,2717.719361157236
JALEN GREEN,G,2369.8467033063653,2370.7819475800834,244.06902514070833,2058.7510766670307,2364.881316971318,2687.568467750846
AUSTIN REAVES,G,2368.0643195584353,2369.894243473872,624.3826507564404,1570.7941574769036,2364.896327230019,3173.3197855866756
JOSH GIDDEY,G,2364.702162781901,2367.2475064603777,285.1147907753881,2007.9733705530675,2361.48467200294,2740.793725166259
DAMIAN LILLARD,G,2344.448236153022,2341.753354627443,290.32747004501266,1976.1325342294451,2338.5261637527137,2717.3859921376575
MILES BRIDGES,F,2335.565519477151,2340.918732454872,392.93451828959235,1838.6325691709364,2333.3109225676862,2851.5340526811406
LAMELO BALL,G,2334.275383765449,2336.4198172096303,291.9156623674558,1971.4772386434188,2326.9926970637234,2719.7184420062417
KEVIN DURANT,F,2324.043828965564,2321.6529890089537,231.70774071533666,2028.6219723658892,2318.597554963658,2619.0295008745516
JOSH HART,G,2322.9652280970313,2319.7164194075203,397.53787669020403,1808.663914759121,2320.689755216849,2824.315519713801
DEMAR DEROZAN,G-F,2309.6379682187476,2308.2114737702377,215.0522465957061,2031.8576903429353,2305.957885623434,2583.555186310659
DESMOND BANE,G,2294.655609943798,2300.357742707036,585.3000399736603,1551.7915444805212,2290.3853735436514,3064.7621667186895
AMEN THOMPSON,G-F,2242.942270935193,2241.3337768182264,491.2056534179508,1613.9188681478404,2235.061073558243,2871.6399479928637
STEPHEN CURRY,G,2242.712158543293,2245.039256577371,269.72587048078856,1904.4932934580982,2239.9575455987087,2598.310134302095
RJ BARRETT,F-G,2242.340720933159,2244.345143161708,217.9528587603587,1966.1119126967608,2241.2101723342394,2521.465143663678
DYSON DANIELS,G,2235.2676118857808,2249.4300367722317,868.3967916772358,1119.3196482942978,2260.688457442791,3363.445307522572
JAYLEN BROWN,G-F,2234.01471636381,2236.62449828161,188.81353252930745,1999.5692210603975,2234.2248681545325,2480.49295732163
MICHAEL PORTER JR,F,2216.3244670149147,2218.8311223627793,285.5018285222988,1852.4707763590416,2217.4594131778313,2592.6429322596005
JALEN DUREN,C,2211.542077225839,2211.5492853252954,293.3250227767375,1831.9128296524207,2210.7208062618784,2587.0910648240842
ZACH LAVINE,G,2199.1103721186637,2201.6769757631496,239.62443965472156,1898.8132322558763,2196.641250775857,2515.1438174652803
JARRETT ALLEN,C,2183.89008734588,2185.8727165439136,197.3405216043418,1932.1391350867725,2182.242262430379,2443.20027208369
COBY WHITE,G,2180.2758310247004,2182.721227097715,444.14572703387637,1626.9337891483221,2177.9584721750325,2749.778819032694
KYRIE IRVING,G,2136.9745007658694,2137.9302888262055,188.3930531772515,1896.196856329532,2135.629532184074,2382.1167285825823
TREY MURPHY III,F,2136.6268870545323,2130.3486024752647,674.7695171459418,1276.116474109633,2127.135653915456,3007.1426872739275
JALEN JOHNSON,F,2125.881986879115,2126.619376841644,993.398248545288,842.3072872756094,2110.053080617556,3406.2211602491952
ONYEKA OKONGWU,F-C,2117.4782483815,2118.0893828088974,495.3083785787878,1485.1027207810444,2111.8526614116063,2751.670951784612
CHRISTIAN BRAUN,G,2089.4997023905516,2085.290464648537,674.5656048153317,1224.5003379097793,2078.439045929293,2951.761306823284
DENI AVDIJA,F,2083.787246703827,2092.473074680973,479.81025811928714,1484.9174649960235,2082.676325987799,2711.041243761312
DERRICK WHITE,G,2077.9878272053593,2079.425347519527,256.64970394401564,1751.7003377653182,2077.821252572684,2412.3722873031134
OG ANUNOBY,F-G,2077.127928188437,2078.4976546735124,180.3957648612911,1848.7284304173118,2075.0232357738482,2310.9790102708894
WALKER KESSLER,C,2069.2554805765308,2073.430930109019,339.63134651668565,1646.3554825512683,2061.6648698609306,2515.7675884708906
JA MORANT,G,2037.4879308734344,2040.1076341133792,306.5819870161241,1655.4154032700462,2031.259859029879,2439.653999234467
ZION WILLIAMSON,F,2019.9619466307408,2019.6300847669497,216.28466243745007,1742.6434627255633,2017.5613267479844,2299.8320318354836
ANFERNEE SIMONS,G,2010.6545759043065,2018.4985214243748,582.5991067290737,1272.3573990683244,2018.027611478224,2760.0220028958556
MIKAL BRIDGES,G-F,2010.0862916395583,2011.5389006955527,269.53284744378436,1669.4940048796059,2007.453799521193,2358.2422715330827
JULIUS RANDLE,F-C,2007.199581126507,2005.3245093162116,310.44439774271314,1607.6060342474402,1999.3934795203631,2407.8833908970632
SHAEDON SHARPE,G,2001.5564421885117,2006.2640726126335,449.6020175338302,1436.1034175032441,2005.2727257260497,2577.63619700597
KEYONTE GEORGE,G,1919.703644035863,1914.1765283134498,342.92954784371557,1474.895934898769,1907.6736074153155,2357.1028727814337
NAZ REID,C-F,1919.6050449284908,1917.0252955790118,288.83315700714087,1548.0330659036945,1911.7208423316406,2290.834093430507
STEPHON CASTLE,G,1909.9232017444713,1913.3229434620991,779.1524365181599,921.7297178535167,1900.3691192574386,2931.3718924677796
MARK WILLIAMS,C,1903.33579683324,1907.5313409646794,412.7695907388072,1387.2003548581893,1897.9632006763018,2443.6371016771704
RUDY GOBERT,C,1900.686051326281,1896.5050803247664,271.6428642231039,1553.129633952541,1896.3112173983882,2248.4146810581524
JORDAN POOLE,G,1897.3943807273008,1898.7973290723414,360.0073485757292,1442.4422334847072,1892.6471921051107,2365.640651510932
MYLES TURNER,C-F,1896.664180349641,1896.4825984556765,159.7950914393225,1692.6322049389164,1895.6274019187165,2104.2430386506558
MALIK MONK,G,1893.102236197384,1896.95702763365,346.54096299036644,1465.6485290303312,1884.3223780293367,2349.111793576088
ALEXANDRE SARR,C,1889.3857916701725,1888.6339716411605,815.5461378406668,833.0835213529034,1876.9236311109585,2936.863625199449
ISAIAH HARTENSTEIN,C-F,1834.730313921997,1830.1407518186581,477.1831673373173,1221.8176187017473,1826.905698887696,2446.9702038971122
JAKOB POELTL,C,1832.3583846408185,1833.7637440166627,235.5913009929457,1537.2627715261144,1829.44426590982,2138.743562308682
JADEN MCDANIELS,F,1827.968909735198,1830.8505451666697,309.8487996391916,1437.2287493126123,1827.222505260439,2232.4890393688015
JIMMY BUTLER,F,1819.9126470713088,1822.5133787787563,249.19922611614996,1506.6045673684375,1818.0462697226258,2148.3026919013687
KRISTAPS PORZINGIS,F-C,1810.112506774166,1813.6169412565596,185.03036135351763,1580.5256445512068,1810.6177611717376,2053.0125623139256
KEEGAN MURRAY,F,1807.9657027795924,1807.6542370924153,257.14692843274156,1482.4195658625279,1803.9351623954437,2136.390962237027
DEVIN VASSELL,G-F,1792.2457891214156,1795.30536428724,524.9345314002309,1123.3555035833265,1785.4319037417463,2465.1972810173042
CJ MCCOLLUM,G,1786.86229827467,1786.748768768083,158.97444168987028,1585.175661381845,1784.8364837734234,1994.7688829485148
PAYTON PRITCHARD,G,1785.4286717846255,1787.2928314995193,465.01824648978936,1200.6746150444098,1784.8936445879187,2387.6974851911323
BENNEDICT MATHURIN,G-F,1760.7856834588213,1763.0589321128707,144.54262820445166,1578.4337373965582,1761.069577051918,1951.853951633001
CAMERON JOHNSON,F,1751.0903603438076,1746.5236866073483,322.04895970961473,1334.7573440333128,1742.1553330893685,2173.1803280927115
YVES MISSI,C,1709.1934937668468,1716.0285475010082,859.6296113021104,569.4690893604334,1695.696763240613,2838.0008800440946
ANDREW WIGGINS,F,1701.2834254284292,1701.1656435649618,232.57675909939567,1408.3730506234626,1693.3622653145349,2003.0826145163232
PJ WASHINGTON,F,1694.34701327504,1694.380154237929,215.1922964896407,1417.9857471405994,1688.9115210267514,1973.9828159558526
NORMAN POWELL,G,1692.2954541837353,1688.8657222717516,270.05127736956433,1350.7847079604003,1682.8168596862627,2043.747913829978
SANTI ALDAMA,F-C,1686.0102319058965,1682.598238351462,504.803676327184,1048.8889808019874,1676.5473710454107,2327.8187561254235
NIC CLAXTON,C,1671.0674670156804,1671.798269860555,413.5054041169088,1143.6742078050656,1670.8677777893713,2204.9591969530597
CARLTON CARRINGTON,G,1667.258149530182,1671.8382690787398,813.5386507809671,606.835731174012,1648.7595454059829,2733.742872647659
QUENTIN GRIMES,G,1662.205446565154,1661.7095259389766,422.7862597233427,1128.907002098496,1654.4032198442706,2205.3461940803595
FRED VANVLEET,G,1644.1596867980145,1645.0814562064097,243.60461657550073,1336.432648365906,1641.3988555905444,1962.2811863287054
TOUMANI CAMARA,F,1638.842639752495,1641.9002674073681,408.5879666566191,1122.7328947942847,1642.345684357219,2164.7978906247104
MALIK BEASLEY,G,1630.3901666376398,1629.375544290522,306.68806540722466,1239.1261176108897,1626.5933784848094,2023.999379418179
LAURI MARKKANEN,F-C,1625.703866735888,1623.816814223543,458.00889461587934,1037.4161083715128,1614.0578230942067,2214.495092069039
COLLIN SEXTON,G,1617.6874447552398,1611.2658113150287,322.28527092923457,1207.35388889102,1600.4187247236441,2027.8275835120864
KAWHI LEONARD,F,1617.1520680131853,1621.28044716041,203.4340404535391,1364.3824883457664,1614.1095897364712,1890.326432012814
JOHN COLLINS,F-C,1605.7271107031358,1604.8398145945027,202.4783065387386,1349.8717540026473,1597.8734431596995,1867.5315141047563
BRANDIN PODZIEMSKI,G,1594.7697722555004,1596.2297322942647,135.80356406131062,1424.1452599503878,1594.1962852921852,1771.4225737749282
TOBIAS HARRIS,F,1592.977017827444,1594.2155479565215,262.00677926279343,1264.622761582282,1591.1730442529429,1930.0034337725274
KELLY OUBRE JR,F-G,1588.6714607379072,1592.9885925429962,182.351997604033,1361.7514303368882,1587.8259894666712,1829.4539409576264
BRANDON MILLER,F,1576.051223671215,1574.763201827534,254.33983027878054,1258.295369977054,1564.433938165699,1909.069302719511
DEANDRE AYTON,C,1574.116700029069,1574.4617814137764,146.20298907778457,1388.4901939791987,1573.1402453028463,1763.8896349605664
CAM THOMAS,G,1570.8359841958102,1574.2979489671097,498.17012496823514,949.6884436450058,1563.3720368176382,2218.9378478684985
CHET HOLMGREN,C-F,1564.648823687365,1562.656689320958,165.57768638125904,1350.3059170884605,1560.9469874845504,1774.4300252896346
DEJOUNTE MURRAY,G,1559.198089894511,1555.030882552884,283.5714723732065,1204.7376016848273,1543.129131873562,1929.9454818280371
BILAL COULIBALY,G,1553.9203824578908,1550.2217282322194,351.16391586025804,1104.5540693239107,1544.7640612191456,2004.632424204112
JOEL EMBIID,C-F,1547.872641869306,1549.4291323172304,345.6670491991133,1110.473826319435,1537.9562056880286,2003.5301688592854
BROOK LOPEZ,C,1544.292532467288,1543.1998992382064,307.4586753408222,1150.4236154189757,1539.082145342936,1937.0420811081344
KELDON JOHNSON,F-G,1525.9803519155607,1529.1408698653636,286.1514900406281,1164.5038900231866,1525.8180864157,1896.3504879347126
DE'ANDRE HUNTER,F-G,1525.0266072656982,1522.530497173378,155.06758505338854,1328.065025048142,1518.9976406033932,1721.644658552892
TARI EASON,F,1518.3517932439288,1516.7127271187253,263.34321544699475,1186.2022015261748,1505.7803009916215,1861.0128855717078
ZACCHARIE RISACHER,F,1513.5078977620797,1521.140554620685,713.6430077655469,589.6376254111765,1505.0819929584623,2440.5104740869833
DANIEL GAFFORD,F-C,1505.440380399447,1508.3402038880506,292.1775920420737,1136.8868434697229,1498.6882663129509,1887.5416318466573
JABARI SMITH JR,F,1501.624729267334,1503.4502090194908,170.86178711589733,1288.005690204184,1501.2282735351607,1720.54567924461
NAJI MARSHALL,F,1488.7976772767356,1489.782998952534,324.37111463773647,1080.620196875559,1486.4861746166152,1909.6926758234044
KEL'EL WARE,C,1486.737421224763,1489.7706034081577,771.657174613153,470.58489209734074,1470.4755924494225,2499.2584550506367
SCOTTY PIPPEN JR,G,1482.7375375789,1504.4607066997094,732.2322812648548,539.5002113464509,1489.348689140355,2454.3590646932253
ZACH EDEY,C,1482.2342167173558,1487.2561306004918,759.649227775238,483.4266146344559,1471.4669411980535,2485.673031951879
IMMANUEL QUICKLEY,G,1469.8224922912025,1472.8146860649097,309.0297437439798,1088.3565236544446,1462.5322640064496,1869.389018032862
SCOOT HENDERSON,G,1468.9967071706096,1468.982649343876,108.72355592707395,1329.0052763296176,1470.3264461752883,1608.3187564909354
BOBBY PORTIS,F,1465.18676466965,1464.4629229860734,175.22513374621897,1245.0696418943155,1457.6874286187951,1689.8982799256057
TYUS JONES,G,1460.879671523303,1461.0170335648797,323.663545681878,1047.7094352758756,1455.0021519601264,1875.3921859704235
DENNIS SCHRODER,G,1449.5154401768518,1449.2319606256187,154.71641597309807,1255.7069466377966,1445.4833888203295,1651.0996984171395
RUSSELL WESTBROOK,G,1442.0160108740758,1453.0124582500112,594.9166284962183,692.4283551537457,1445.9978320252005,2220.158800895387
BRADLEY BEAL,G,1425.588430265077,1417.850318159348,349.36077690872014,972.5522723248951,1409.408395471261,1876.8218083548757
JONATHAN KUMINGA,F,1418.6780983074416,1419.1609665738035,316.9122094794466,1017.4566734482659,1411.0421967491015,1826.8761652019525
JEREMY SOCHAN,F,1417.909100322319,1418.2564402825387,162.58815938862094,1211.577559632673,1414.1900441154444,1628.4623343045432
DILLON BROOKS,G-F,1415.2755214248955,1413.4830100053664,234.4569428948246,1118.2184584176075,1406.9298018655809,1717.1556269642806
JONAS VALANCIUNAS,C,1406.6655480403476,1413.3457429958203,357.75827853900466,963.6045304027192,1409.1293688084088,1875.6577441643772
KYLE FILIPOWSKI,C,1400.279056394565,1415.5000236986602,776.1629423851447,368.2600658460334,1403.8510833172602,2432.0972566893015
AARON WIGGINS,G,1397.9886742968044,1397.4203405168466,260.43713334021413,1059.508741693487,1391.9566570780912,1733.0041276161255
WENDELL CARTER JR,C-F,1390.167998517888,1387.7299248132397,293.15926840165554,1018.180273598112,1383.8297238826076,1765.1133822785027
KEON JOHNSON,G,1389.4674192563812,1391.362833597676,367.3155617645344,928.6913921660595,1385.2301511520513,1864.27416228615
DONOVAN CLINGAN,C,1389.4271103065269,1395.1762198621252,749.0594418683103,414.61918212159577,1378.060479422039,2371.482309120036
KYLE KUZMA,F,1377.0364241149698,1375.3633864936878,381.07762378690774,895.7347684324905,1374.0903766852625,1868.1638037515972
AARON GORDON,F,1359.7486449741646,1357.583612639382,178.2847501580948,1135.5269363404195,1350.4532035214083,1591.652507367657
ANTHONY BLACK,G,1358.403272551796,1354.6742023409315,463.36629711449865,764.9051862646635,1355.97096827118,1950.5105873753255
CHRIS PAUL,G,1358.1169117258946,1358.2573752506885,396.00604818797336,850.4477585805505,1357.2826013615677,1865.7997297030022
RUI HACHIMURA,F,1354.7871070260078,1359.4108792000477,165.37661195430005,1149.2321373971831,1355.6794783754196,1574.8367091278158
GOGA BITADZE,C-F,1353.0378198043113,1351.6462241574454,249.19582114117972,1033.7400999004756,1349.8695165860668,1675.196087311174
GRADEY DICK,G-F,1352.4480882947348,1356.7710906415537,403.10753029513234,850.006736866687,1352.5265200567383,1875.8913749769845
ISAIAH COLLIER,G,1348.7332185108758,1358.2957836847752,668.6295637799277,493.8833689751335,1336.5735087004502,2234.3966253433623
BRANDON INGRAM,F,1345.579807569903,1344.4671931946532,177.23015972545772,1122.4996518505734,1339.5363840603789,1574.7238931492952
AUSAR THOMPSON,G-F,1344.8113965260843,1345.2960455557395,121.46381034140623,1190.6386028012566,1342.6947408392507,1503.5372645477023
JULIAN CHAMPAGNIE,F,1339.1000297893277,1338.5561986203008,155.14382970543411,1141.9983563334108,1337.3664590275414,1539.017487781522
ANDREW NEMBHARD,G-F,1338.150728826162,1339.6586552285394,180.24652676902696,1111.5634176220558,1337.2253836250889,1574.3481430732695
JAYLEN WELLS,F,1336.6146158549964,1343.655540701915,738.1971134688401,352.69597506391096,1324.8346534037928,2320.73379510323
SPENCER DINWIDDIE,G,1314.0263425056248,1319.5169932217282,405.48531426390105,808.4218473651749,1314.172156070922,1841.4187832159603
D'ANGELO RUSSELL,G,1311.3776194994246,1311.0319344736056,204.3208825387139,1054.0082737290863,1308.273487998123,1575.6944554301176
TY JEROME,G-F,1308.9537466534907,1310.5122608606316,408.7742927043332,797.3254090259653,1296.1311610893606,1836.2655746690734
CASON WALLACE,G,1307.5867603381212,1308.499422374865,307.8630592493706,916.3261669846097,1305.3320844809127,1705.1178017500356
KEVIN PORTER JR,G-F,1304.0144933634294,1310.315959183149,323.4119706541456,900.0020448131382,1304.493684040543,1726.6483762124658
AYO DOSUNMU,G,1300.3300216575003,1301.8864198588506,232.88172888630015,1008.722573164493,1294.4321352096208,1607.8614972679272
HARRISON BARNES,F,1298.6314803708638,1302.4915523612972,327.96921773821595,887.6630994839218,1298.3507917652082,1731.2047320509068
GUERSCHON YABUSELE,F,1295.5353040316563,1305.765440612519,671.4834840451113,419.5479048119057,1296.2700478790923,2197.297196329714
MAX CHRISTIE,G,1293.7537006499756,1291.2137535662368,423.3827816026057,751.5414277768583,1284.206655106369,1832.3310172565054
OBI TOPPIN,F,1292.9693606522912,1293.137012796729,291.56666519461277,920.8600224629108,1287.7622648212518,1670.8324171142106
MATAS BUZELIS,F,1292.4298880768968,1305.6897780718964,679.3374989694744,398.06860610769303,1290.655945912768,2190.643031154909
DRAYMOND GREEN,F,1292.358963934185,1292.4025450018312,135.95179340528637,1119.960300461568,1290.2574317214842,1467.279561852145
KYSHAWN GEORGE,F,1287.9615129306137,1290.586542015154,651.2008168828735,434.5249290147674,1282.927140200395,2148.999400820145
LUGUENTZ DORT,G,1282.7017330526053,1285.7845864748517,170.5992821716759,1068.3840526843069,1282.4053080002363,1507.2331039460707
CARIS LEVERT,G,1278.3863095746913,1285.2963559600587,322.5251005514327,871.388443855132,1282.2642824087065,1700.8940881193246
DERECK LIVELY II,C,1276.3149731343242,1278.4861118550195,148.97902412346633,1091.6565437890715,1275.7799798806896,1472.96404565823
DONTE DIVINCENZO,G,1265.7199027646664,1266.2640569270548,180.72103045144175,1038.1004965467093,1261.4200662201815,1499.6848334563085
NICKEIL ALEXANDER-WALKER,G,1247.4900121488415,1247.1164187506345,228.417265421574,959.0280302658456,1244.6874145812521,1539.706145292766
JALEN SUGGS,G,1246.087554733525,1249.213723246292,230.68682765190457,961.9181997578572,1239.0698621308322,1550.8289194815152
JADEN IVEY,G,1245.637300608701,1245.0801628425206,147.59855180450623,1058.2147542528203,1242.3699287932645,1436.4737513900454
PAUL GEORGE,F,1245.3384590605076,1243.8553520368257,228.06832280862014,955.1124175721026,1235.495992841843,1544.6492536468718
KLAY THOMPSON,G,1226.44229834504,1225.2268160911194,252.40124563572198,904.8223509965901,1217.0743970742024,1550.912052424465
ISAIAH STEWART,F-C,1213.7828703046089,1211.9963641939928,166.00564166812242,1000.4022895417504,1210.3073693582726,1424.7134913864895
PEYTON WATSON,G,1213.314378038942,1209.5200091634379,367.4605956082278,740.384152979392,1209.7035665640187,1681.4818050190609
MOSES MOODY,G,1198.7541398490418,1191.3205392908044,310.4951913780504,794.4880477352418,1186.3865896592008,1590.9111440567171
MILES MCBRIDE,G,1198.6924073217149,1198.6219802521755,404.46159096444427,683.9001517952225,1191.863538771372,1717.26102673725
OCHAI AGBAJI,G,1198.0105962270638,1196.42173559999,238.8572012938167,894.5848631371989,1192.9209752159136,1508.6119688099284
JRUE HOLIDAY,G,1197.7776875377494,1197.2623438117307,335.22265710074106,768.1945756025567,1195.3270783669993,1623.1852741449304
KEON ELLIS,G,1191.2636534423114,1188.7491146747493,514.5931590232526,522.9577664346463,1184.4320618528895,1842.8944403744717
JUSTIN CHAMPAGNIE,G-F,1183.622680448923,1189.8422200317036,429.3701994312078,636.6222411308179,1185.980524614179,1741.4489354076545
ZIAIRE WILLIAMS,F,1179.6240161433318,1179.8947070399665,254.225759255316,853.2445830296225,1178.3619764465793,1505.254219153279
JERAMI GRANT,F,1178.1164759813262,1179.3525180220183,202.33520507369377,921.7648166128535,1174.2634074306818,1440.8399559116592
JALEN WILSON,F,1166.9893070589842,1164.701927643101,300.1072188596195,781.4456641552771,1159.1910798594317,1554.8858515088496
ROYCE O'NEALE,F,1160.0379904412212,1159.334528941794,95.02171457182602,1037.990188438378,1158.1063398657343,1281.7239143031547
CLINT CAPELA,C,1159.9853364276082,1161.3741920181367,323.14477840989196,751.961093182806,1154.0729391380405,1579.5433103518008
NICK RICHARDS,C,1158.2466347747418,1162.1455036066159,551.4582219173873,443.8834663091812,1154.6295456706816,1874.8228685683152
BRICE SENSABAUGH,F,1157.1437427623516,1157.3154713622143,153.55969541488022,961.8860545289732,1153.040650152232,1360.1967343604429
GARY TRENT JR,G,1154.2727668002651,1150.490442493364,272.28546339984,800.7245804261898,1146.3716594955008,1497.6088928796935
ISAIAH JOE,G,1153.170327445921,1154.0227334124456,337.2348593787066,717.5161021942884,1152.632064615586,1588.2391886848804
JOSE ALVARADO,G,1152.4357270972964,1153.4455499673861,200.0246553774618,903.4974170754289,1146.395211110113,1412.951590382504
KEVIN HUERTER,G-F,1142.5075709818166,1142.2783597815683,169.58234254700622,929.0379743293099,1137.6124983710733,1362.791675425532
TJ MCCONNELL,G,1141.179111339387,1140.0739496559434,175.90631794971915,915.1275808021612,1138.4791887527417,1366.3544553555728
BUDDY HIELD,G,1135.3188830052702,1139.3174345284178,263.22264150835883,805.1155218371047,1133.594534353967,1477.9891306044071
NIKOLA JOVIC,F,1133.68789068604,1134.453558655633,334.8343893463927,708.0816344811934,1128.1754246465598,1569.3164784321903
JALEN SMITH,F-C,1132.7541407350411,1126.3631746405404,400.9707154681219,613.7461423644006,1116.6341935677606,1646.2288871362578
DAVION MITCHELL,G,1124.6815198118943,1120.2994283674345,366.77020621043624,661.129204222699,1112.3159043855223,1592.8005889866822
COLE ANTHONY,G,1121.1637108165785,1118.7254724854138,256.78222481131564,793.4913898275236,1112.8689260553797,1448.9458579909942
JAIME JAQUEZ JR,G,1101.7911124802515,1102.4647707785523,155.88842048418232,906.1529860121432,1097.215242864027,1306.55555196712
DERRICK JONES JR,F,1100.5862771132151,1099.5861949297234,179.18515926218006,873.2411697211135,1097.8150174291313,1330.5687205991453
DAY'RON SHARPE,C,1081.6456968487762,1081.2519298347802,210.7079512411554,817.7829456781694,1072.0937975883198,1356.1636076661116
COREY KISPERT,F,1079.0210818017442,1081.6881561605173,164.78342060263927,873.9946593663836,1078.4931001792806,1294.8795259303304
LUKE KORNET,C-F,1073.9678938772008,1074.2046242059425,286.38588924457866,709.2645210233227,1072.5567912666668,1442.3699988449284
PATRICK WILLIAMS,F,1072.4621236239147,1070.9099910349182,115.91162600508721,923.5930234196264,1067.0082928257239,1220.5917608658501
AARON NESMITH,G-F,1067.4999571953715,1067.5359311538643,392.8455820304498,563.4265932224185,1064.9879570806388,1570.9741051445142
DALTON KNECHT,F,1063.4226005772125,1082.4419727195418,665.0544869476583,175.06017646672572,1056.099393877947,1969.8693744739594
MOUSSA DIABATE,F,1052.670783182827,1053.652187777349,327.09459150788734,637.6580167056429,1047.4932962284056,1477.9816715033128
JAMAL SHEAD,G,1047.73626873081,1058.8987214808956,646.8384049535663,175.93789697193333,1024.9370796505186,1925.3570645475224
RYAN DUNN,F,1045.949342855139,1066.678424367557,643.8820649292243,196.273820344092,1034.500083988678,1928.7508983627195
BRANDON CLARKE,F,1038.678601645075,1039.5206990654451,142.9992540870657,859.5741574721056,1036.096104083473,1225.0031695349273
TERRY ROZIER,G,1036.0219906761602,1030.5237342017808,394.87710215055057,523.201322122738,1026.7436176287608,1538.405570937455
JONATHAN MOGBO,F,1032.8786707598822,1043.1011719091698,591.8701530059623,245.2905050511302,1032.2522945580608,1825.0678402820865
JORDAN HAWKINS,G,1024.5026720330534,1022.9521085687924,218.55383079466668,749.7021242085551,1017.8501474214195,1304.6216034029833
DUNCAN ROBINSON,F,1024.1929176572426,1021.3123937419958,255.59653140853806,695.7785508796014,1016.9798733048117,1348.245561862783
JARED BUTLER,G,1019.5132936892966,1021.9268907097884,231.38134599309024,732.8086518608316,1014.4390314798658,1322.1558572184517
JUSUF NURKIC,C,1011.7113119748102,1014.356794766851,226.18476533466261,731.1023022653061,1004.7004201080057,1314.5503744277178
GRAYSON ALLEN,G,1008.858773960897,1010.3453264089399,188.15496161023512,774.9031157317568,1001.6710426253859,1254.8033191112586
JAKE LARAVIA,F,1003.5728634818344,1001.8274325957643,372.17397117377186,530.5452102815636,993.8040278772777,1474.9127097604935
TRAYCE JACKSON-DAVIS,F,1003.4685628595026,1003.8880431360042,113.8123153843195,857.9950545460661,1001.2066662476132,1150.7629204636623
LUKE KENNARD,G,1002.8083749246932,1002.826119319975,153.6900445957443,806.6534307284172,998.3562491793414,1203.3887628373777
JORDAN CLARKSON,G,1001.6633750718148,1000.8874452774286,176.50092990965626,778.9120271326162,993.5522304264697,1234.186928694379
NICK SMITH JR,G,1001.090410106524,1000.3502312175533,264.0668673495245,659.3278025862941,997.5556605963695,1337.539748030449
RONALD HOLLAND II,F,997.0269869313616,1011.8909306148546,634.6119379876911,127.77069481745545,988.6471608683752,1864.1718259463994
JARED MCCAIN,G,994.407854166986,1008.2175699176014,511.3970570538315,346.73628601138654,994.9262571620669,1671.2441004453551
JUSTIN EDWARDS,F,992.786715933186,1004.1090761692191,561.423920023451,259.0120058344452,996.1673847866792,1733.592740499455
JAYLIN WILLIAMS,F,986.9657292153972,988.6692158512857,202.55454936338995,734.4310140815834,981.9793196397492,1254.1557550824289
TIM HARDAWAY JR,G-F,985.7282299094876,989.3898486043636,248.08171013773244,674.3811788049377,987.0620810020589,1309.8843091661224
KEVON LOONEY,F,984.44216720695,983.7025988447458,240.07298598771374,679.1270824839936,978.0071283350295,1298.0026560702786
GEORGES NIANG,F,981.9444757496428,983.1818858789529,138.34756190879304,807.911759182154,980.2885837814447,1162.547036117647
BRANDON BOSTON JR,G,978.0632422710828,977.6084772357653,283.95030435908734,620.6754964193018,969.5797670663367,1347.2061555691407
AL HORFORD,C-F,974.3647379394358,971.7959570213826,219.76371870163192,692.9255884075793,965.3829357193656,1253.6272720440854
MAX STRUS,G-F,973.1797877591696,973.0340455474511,358.32337111289166,517.2524358119571,965.0622391264832,1437.8235646933472
TAUREAN PRINCE,F,971.557856083769,969.5482010941078,136.65452388903773,799.6125814528225,965.1842546335056,1149.52143632362
SAM HAUSER,F,966.9677116631816,967.2086852345027,341.99659302015897,528.7323264705763,964.3224203568881,1409.5337502056343
JARACE WALKER,F,961.8308308716504,961.6612806803256,194.36348696805115,718.9089024962561,955.3723093896925,1210.370839758264
KRIS DUNN,G,961.8126830961572,961.426532637061,484.1171007861189,334.1072016295645,956.7922385241761,1579.1809804091586
JOHNNY JUZANG,G,959.7503168218984,960.0294188662201,178.52927058740687,730.1832118609668,958.242360960651,1188.1062223531926
TRISTAN DA SILVA,F,958.6595940910984,993.0203758127328,647.6573615956875,84.16533537113568,955.6562402287425,1855.268571115712
RICKY COUNCIL IV,G,947.51136569063,946.0609838615438,229.90522578132754,649.126110870529,944.8061834626574,1242.1610421060925
JULIAN STRAWTHER,G,942.940015464368,940.7472849538649,295.65901497210757,566.0655357264849,933.8033807101783,1325.9283728414405
DALANO BANTON,F,941.3717048951268,942.9706385790918,280.8538036516025,590.0329733622114,939.121228510937,1305.7559171339492
PRECIOUS ACHIUWA,F,940.7739003657218,940.7902897111584,225.85142582158488,659.2350745246947,937.319399032827,1230.4906478041617
JA'KOBE WALTER,G,939.9612980954184,953.4327562369078,583.3752802098114,153.89633473939094,923.1184195654197,1730.9059477486776
JONATHAN ISAAC,F,937.0021984940828,934.9096501470767,184.64705049418905,702.132539161797,928.582218072741,1173.643431742949
AMIR COFFEY,G-F,933.645744581739,933.4684600713608,325.35333906431555,517.5005129542319,931.848432575333,1348.5582767923804
MIKE CONLEY,G,933.3662048239698,929.3851817145817,239.33679061969147,629.8851303977983,925.2155657150652,1238.4984483584428
CAM WHITMORE,F,931.2757602308818,929.9927496012658,150.37465194539834,740.5704618546827,925.1519029160677,1123.573428030311
TYRESE MARTIN,F,929.615022576092,936.5494303201949,556.2059745189727,179.77786697099484,915.6055358524561,1675.4061135061536
NOAH CLOWNEY,F-C,923.7559611121228,925.5099813978646,154.24209297360628,730.4298771958127,921.1605261809608,1123.77539330827
JAXSON HAYES,C-F,923.6421689767592,924.334246721034,205.5076705399166,667.3507334767718,915.3842985064539,1195.837826824401
KENTAVIOUS CALDWELL-POPE,G,916.2502619454876,916.9123147489736,137.3206969166232,743.1919331396356,913.9323041563928,1094.5651325821095
TRE JONES,G,908.455804175139,915.0764788366687,473.5335985136447,296.6468332788305,903.9059995435923,1525.4479951774804
JEREMIAH ROBINSON-EARL,F,907.3757717564728,909.0870499832705,275.5273910880806,555.9609776196899,906.7102917844411,1264.1490356016698
VIT KREJCI,G,903.2902379916512,905.0849220429059,332.09279995117566,491.1938162327917,894.9949861692356,1335.402963224957
HAYWOOD HIGHSMITH,F,894.8558604338516,893.5325078644532,320.35213787928734,485.6038821521061,890.8424596790076,1304.220685366064
TIDJANE SALAUN,F,894.2190068398538,912.4897408361933,588.7426414218927,80.21204554959783,884.3089145355641,1702.0247050154335
KHRIS MIDDLETON,F,890.1734134613828,885.7656211124435,245.67382909319522,575.8129389994571,878.7828789360549,1204.350968812735
AJ GREEN,G,888.1619870483547,886.077936246796,212.9167302735872,615.3947191034748,882.6550155016505,1161.861007939053
TRENDON WATFORD,G-F,876.3917020195199,874.9748198255044,138.0938533693014,701.0908799629086,870.9778294942826,1054.542975857383
ZACH COLLINS,F-C,873.565589390054,874.1429669961244,250.16662622512723,558.3759623780816,865.5191198930061,1195.5449577704724
BOGDAN BOGDANOVIC,G,872.6360157102189,873.4830803926774,207.69467180727966,607.3504466841771,869.0339750713761,1139.7884963756421
TERANCE MANN,G-F,872.4273138346189,872.7533877456391,181.113763212871,643.0250320364287,868.0258102312189,1106.576002487604
KARLO MATKOVIC,F-C,867.2841775287254,876.7420302595336,488.0943462104902,218.8800048389478,865.5593033656114,1513.6515670322033
JOSH GREEN,G,864.2670386606892,864.0412877032958,257.7262908551114,534.7719141169201,864.0213989349952,1191.4295459697453
BEN SIMMONS,G-F,861.2362199671794,864.1830909538634,339.8488608648986,430.3842713923731,854.143049139072,1306.9899113248377
TREY LYLES,F,860.7455806792942,861.1366241137035,187.31702022499965,626.2345630646562,857.3324407089711,1103.528748407695
THOMAS BRYANT,C-F,855.2889293662619,854.7296734033281,292.22502459598184,484.43628971611247,846.6545110611861,1233.077229210707
DORIAN FINNEY-SMITH,F,849.579102715813,850.8076095953364,128.3164864665989,688.4332041608244,847.7852057292546,1016.054178013611
ADEM BONA,F,846.103096824901,854.6510722242421,520.6895319300016,149.81424341990754,832.4382474209032,1543.0682586283322
MORITZ WAGNER,F-C,840.7764700302466,841.9084314274147,161.6089471526652,638.7428835138045,834.7435742464655,1053.9128047602048
CHRIS BOUCHER,F,835.3779277151639,837.9635574997351,283.06455712681105,480.3498327383922,827.0399394295155,1205.8125230997584
DREW TIMME,F,833.4731819927036,839.6482403532747,449.2278238169247,260.11354929363284,821.1241825170978,1434.466345622453
ALEX CARUSO,G,832.720877054987,831.7702315501308,222.0910875915528,554.6297480506612,823.3438988235489,1122.022974254905
MALCOLM BROGDON,G,821.5692607234747,815.7515934303995,258.3448226469591,493.0144811732599,805.2146240173232,1149.7174419513533
SAM MERRILL,G,809.8339900643571,809.8134385383368,238.23525660520804,509.1034594591187,808.1608377279263,1114.454950277045
JULIAN PHILLIPS,F,805.8312041095012,806.7782395885812,231.5103132997956,513.9105442963883,805.2562659396324,1105.7605490137748
CODY MARTIN,F,804.9717035750448,806.3392123818309,220.38262574131693,528.2764501275237,797.8065702094109,1090.7993519357144
HERBERT JONES,F,803.466504926276,803.747616610322,98.27326049684221,679.6034889335417,802.9057469870838,930.8706071823282
CAMERON PAYNE,G,802.6065998081882,803.199778688417,211.42897190072873,537.4829891738866,798.3950953317287,1077.7216712740683
MASON PLUMLEE,F-C,797.7940049090182,796.251820854609,378.8893228252952,303.46036247064677,793.6207408061309,1282.1678182309868
TRE MANN,G,788.0442640499675,789.1285991843275,162.45842500325296,585.2055015362065,781.7728764368618,1000.726566081065
LONNIE WALKER IV,G-F,784.5967448770481,785.8418548283076,117.1303690311983,635.1370885885154,782.1450050728868,935.8438914345111
TRISTAN VUKCEVIC,F,781.6615702540449,780.8214235767514,88.3610665097132,670.2807238451195,785.6867822368993,890.6815927904726
KYLE ANDERSON,F-G,778.4972805437501,782.009219250753,262.0541354205652,453.85320734522946,775.5148197518915,1119.260327264934
TOSAN EVBUOMWAN,F,778.1767696278644,778.667179363182,229.52827360684037,491.27935782030534,770.1941982900017,1079.3463017583217
JAMISON BATTLE,F,772.7724662470426,803.5404030704107,546.1189864115777,18.70088495833232,772.1155774420511,1539.4315035524135
ORLANDO ROBINSON,C,771.6690158420558,771.3373501299404,222.16704298470532,489.6458459632658,764.5923689889728,1059.9263655191037
LONZO BALL,G,769.5075725403692,768.4829975554412,305.3241201015928,382.7426036234085,764.098290032635,1161.459370163886
BEN SHEPPARD,G,767.0366104412695,765.8889650325073,153.11105284594962,573.9147769357254,762.1091581414782,967.45129083791
JAY HUFF,C,758.9037480066198,763.0440210422362,327.99423913481206,345.7124518520967,757.2176230109756,1187.6946279970457
SANDRO MAMUKELASHVILI,F-C,758.0634982682973,757.8070490709273,165.56508554487243,549.5270580840672,753.1533555580286,975.1163069143184
CALEB MARTIN,F,754.1172935254372,752.746353717448,197.63381255200602,505.5828474363806,746.4676658831769,1010.8062843479263
GRANT WILLIAMS,F,753.5930197700086,755.3579678495938,206.295735038156,496.1092756535607,748.6805010862447,1024.4157487925443
RYAN ROLLINS,G,753.2823270258348,751.644805195527,202.52629458642429,498.50054005000567,745.8425824104395,1010.3731615799206
KENRICH WILLIAMS,G-F,751.8250558646962,752.3673994894797,179.10980721221054,526.5824634717442,747.7147387047903,982.8152004532801
JADEN HARDY,G,751.1777788443503,750.8089024176073,96.67447891518592,628.0651726392338,748.9260751720121,876.0748514672467
BRUCE BROWN,G-F,747.9065156588852,747.4676206127004,113.62833761709439,605.1071849255804,742.5940279393299,896.3235731488509
KJ SIMPSON,G,747.7121129627764,766.9462179699754,498.0508417098413,70.15076775159847,748.4540459267967,1422.7852275882642
OSO IGHODARO,F,747.498331277285,770.0775766327289,543.8504057534041,0.0,734.7298405569818,1502.2216533455594
QUINTEN POST,C,746.5600911688944,772.3400785705426,541.4522517184769,0.0,739.1572670398789,1497.5091548009598
KILLIAN HAYES,G,739.8138996120466,737.0655986085371,110.49447227970212,597.1656786148477,732.9352120050711,881.5100572457634
NEEMIAS QUETA,C,735.534800644699,735.6796912934527,210.39482371784706,471.2850071596382,731.6403599943494,1009.4082254271432
DEAN WADE,F-C,732.3487736884832,731.7030694425512,93.42050999438631,613.6759850586477,728.9067506801811,854.5262500159746
ANDRE DRUMMOND,C,728.3548971767524,726.3327072468613,313.0294044480918,329.3252822197788,716.304354390252,1135.5065982849055
MOUHAMED GUEYE,F,722.1449375260286,721.5978189777844,125.33071803724373,564.3062521827156,716.671825421352,884.0165213280637
KELLY OLYNYK,F-C,720.5037160124762,719.6207801392358,182.08073880470877,492.04849503893416,712.5897961693753,956.4511739035877
MARCUS BAGLEY,F,718.7816646741746,721.731287027559,422.57683136532955,155.9098731164296,702.8734523805542,1271.1143500886608
ISAAC OKORO,F-G,717.6996331692351,718.8346723178025,175.80274500576323,499.51321252733214,713.0750357661743,945.5242186449591
DALEN TERRY,F,715.4068947286454,713.3104930874961,161.05809410605374,510.2028196526727,707.1490993596985,921.4946402100635
JABARI WALKER,F,714.2213239473847,710.5719596631385,319.32261073827124,305.4178827004916,703.9594516283248,1128.3436865650337
ISAIAH MOBLEY,F,708.5748279812644,712.195442125236,353.92699370844036,263.92015434432966,694.9388364738344,1175.8906854567792
MARCUS SASSER,G,704.8223641068689,705.2897751510754,144.65784242959845,524.7283857436352,700.2404604130445,895.6317995267924
OSCAR TSHIEBWE,F-C,696.633436496199,698.9846942143608,369.238476203308,218.03279745450726,686.25282638907,1188.566307011972
SIMONE FONTECCHIO,F,695.0578679260585,699.1141957263493,278.0034275640051,341.11052611639735,696.2189258771856,1064.2669548444637
TALEN HORTON-TUCKER,G,692.814786778069,691.342899883285,200.48779077484105,438.590295796016,686.7271612046767,951.1919189872214
GARY PAYTON II,G,673.614542308659,670.8762293780705,209.10163420877151,402.20238965088913,667.8171806795506,941.3027550267911
GABE VINCENT,G,669.2965383770121,669.9319962993538,231.5532820350012,375.30956840084787,668.1509858773377,968.0353224901062
KEION BROOKS JR,F,666.5186059715112,672.4700570996499,409.2002725293098,125.50400064147719,655.1768468938393,1209.046837549012
AJ LAWSON,G,665.0569092696077,668.0740749802196,246.85189771476027,357.7663748441183,662.3023238100475,988.3936923816365
RICHAUN HOLMES,F,657.2653634136828,655.4263798205824,326.47587651676224,236.7882540815659,644.8552419994095,1080.4262328884545
KJ MARTIN,F,656.9110696891526,656.3143122354588,184.84517348835874,421.3231007753491,650.952658549347,895.5658003290031
JAVONTE GREEN,G,651.2965541151939,645.6616985879318,363.2822239366316,162.03297869384556,637.5424052770255,1120.8111499885563
KRIS MURRAY,F,650.3662470015047,652.0545996496717,188.36115489036436,414.60446237442613,646.8704348108248,894.277536422377
DREW EUBANKS,F-C,649.1072444103972,649.490582082567,166.7363708271882,439.88043210333535,643.530266644683,869.5952408805061
TOLU SMITH,F,645.1439086123589,645.3871388354235,357.40805460030424,180.87516382345802,626.7388391960301,1114.426955695165
AJ JOHNSON,G,638.8775912680521,670.6958194610255,470.3510008459226,2.174898874792764,642.5018992982809,1302.349614920424
GUI SANTOS,F,629.7239403542552,629.9137222744625,126.2472514146005,472.29834686567324,623.1634993415637,796.5592632529698
DAQUAN JEFFRIES,G-F,626.0135322032804,633.0801185834619,307.24421737122174,234.77075904961433,631.0731169023003,1025.407298843929
ROBERT WILLIAMS III,C-F,624.1792917705601,625.572591083441,181.94380995254875,400.38829179888415,615.8278483915872,863.9516604249009
JOSH OKOGIE,G,621.1240356140554,621.822849053185,157.36273300216936,423.9034590712243,615.1567102072045,829.4506498747311
REED SHEPPARD,G,610.8094558467803,645.9024147184563,475.58693899856013,0.0,611.654907937382,1284.9901142269805
MARCUS SMART,G,607.8002365354394,606.4384668908808,181.54716143625768,380.7758670077215,600.632505464174,842.9330482921747
SVI MYKHAILIUK,G-F,607.0438540454544,607.9079012306654,170.19201205017092,394.5136034213475,602.226952515693,828.9842682750228
GARRISON MATHEWS,G,605.3736078873111,604.8711027348977,202.32553644025288,349.18541394878105,600.9192243832422,867.6917300254227
JEFF DOWTIN JR,G,604.1588708403718,604.2664747393968,166.00032808029363,395.6791927000908,597.4881624295347,818.6395585515721
ANDRE JACKSON JR,G,602.4176591575454,602.9573916727724,120.23425716429664,450.65152456271466,599.2791108926015,758.0323849421511
STEVEN ADAMS,C,602.289067191453,604.1479003649372,305.939194198677,203.31838245605803,597.0830382212037,998.0745427917733
BRANDON WILLIAMS,G,601.666685231486,606.6697823565124,337.95731802276646,167.0397785953225,589.0265258045877,1046.9628940573803
AJAY MITCHELL,G,590.53030221612,614.9799180906242,444.8242568758572,0.0,585.5382494263997,1213.5279287198653
LARRY NANCE JR,F-C,589.4364921348642,586.4366859632458,156.8630649794797,390.3744951964238,580.5701810674057,790.6239071990268
GG JACKSON,F,585.9770815435841,584.5151718998205,278.08219506840663,233.20721651675808,572.6670512753424,945.5088860142469
COLLIN GILLESPIE,G,583.5910777949637,581.4939349509993,209.0361873921141,316.4991566668408,576.5070834896183,849.1491243005927
BOL BOL,C-F,583.4200938652358,587.9311021394474,275.3609326553378,237.58067708672368,575.8366015686296,942.6564228218843
ANTONIO REEVES,G,581.8725481313709,612.5889790883801,464.43693521887894,0.0,578.0139356468361,1259.4709224255878
CODY WILLIAMS,F,581.5017397824497,626.1788523001987,501.26189347818683,0.0,579.3389672794076,1313.8519949618221
PELLE LARSSON,G,572.8128889834486,611.0594358943038,492.79463112282787,0.0,552.6261434281894,1293.501524760486
SHAKE MILTON,G,567.4000424895322,567.6890857593854,241.38803219173667,260.32422777653414,563.4515650959777,878.3243636202244
ISAIAH JACKSON,F,563.530591648376,564.0201987564374,100.4229168769746,440.30713196678056,559.8412258827043,697.3830466498454
BLAKE WESLEY,G,562.7972841928,563.2922196820288,85.70252320513708,455.19110796347843,560.2833484744053,674.8285358943215
OLIVIER-MAXENCE PROSPER,F,557.3146702313295,557.8767968092185,98.77648561609155,435.6314841250162,554.7825982213453,684.9888823315097
MATISSE THYBULLE,G-F,555.4332484507397,553.1112063484994,144.79744895931017,376.4482639448992,544.2716844626254,741.6234671823478
JETT HOWARD,G,554.4816883969127,553.1849992820937,167.30066868055837,342.4299856762296,549.9377747461708,770.3000152096407
VINCE WILLIAMS JR,G,554.4504921332211,568.1642710699043,385.2063209418767,36.5776746228825,544.3490911890271,1084.5364681329186
KAI JONES,C-F,552.3831043140178,555.0617770854058,210.7615512444797,289.42564614549315,548.2951334119383,827.6119828774619
AARON HOLIDAY,G,552.1115418355774,552.9636395647931,121.64955249770227,398.7409406264246,550.278194983361,709.9103616331743
JARRED VANDERBILT,F,550.0361821609554,547.0088833868713,163.91592415070372,343.2696850823614,539.3909509578689,762.9125731055608
CHARLES BASSEY,C-F,547.6490955497153,548.843004110633,130.64108144117694,386.09127027071327,543.0501042797446,718.1331553625337
MITCHELL ROBINSON,C-F,546.9666506262042,546.0110706167392,131.01129448298852,385.62953799965237,537.193900575271,715.5472883963255
NICOLAS BATUM,G-F,541.5447409813863,540.5967022919787,215.04345355749624,264.24058066372436,538.7038352132947,813.7815066416936
PAUL REED,F,540.350655200552,538.5162597805262,191.18373562859372,297.35528500595456,532.6211737733568,786.872697972732
CALEB HOUSTAN,G,534.0862188472116,533.4753468608936,50.40214620955237,468.37683595788013,533.0890644212687,598.1602338912281
KESSLER EDWARDS,F,532.7236455018767,534.341199403016,194.4389396751351,289.85633268356406,526.9767391704249,789.4208878229733
ROB DILLINGHAM,G,531.9061038839959,562.224940579992,430.5221829026643,0.0,520.1092646475927,1152.1015951383713
LINDY WATERS III,F,531.4410025017365,532.0564449919615,183.97457562569537,299.8554682873908,526.7295797479499,770.3493140149722
JORDAN GOODWIN,G,527.8829512107823,536.4517243189138,307.0961698937734,126.08891967574043,526.946876426165,935.6863338359178
ZEKE NNAJI,F-C,526.6886034221544,527.2390001555266,126.9306753727924,367.663997961516,524.7347887348901,688.6977039158667
CHUMA OKEKE,F,522.4796893454782,525.0923308428044,251.0621412240483,202.00825275836135,516.8578005037027,855.3015480183143
DE'ANTHONY MELTON,G,517.9381336028929,518.3054647265725,98.77425089951593,395.2172260999333,513.5464222343928,648.3202077758573
JALEN PICKETT,G,517.243174019382,516.4240496598183,218.51892760924594,233.0640071887062,513.7410128326503,799.2003286383544
TAYLOR HENDRICKS,F,517.2283689014156,516.8673913832467,87.72620195478501,406.967540690722,513.1629935273165,631.8182989575711
SETH CURRY,G,514.1889128381113,526.0364207692161,323.47283987852745,81.86199002848184,515.5591667341694,956.5941369808636
ALEC BURKS,G,513.8966472168754,512.6528652654939,227.2513004677308,220.9639814175708,505.2590061578615,808.5596927155103
DAMION BAUGH,G,512.2060828760661,533.6458281942434,378.10821246033987,0.0,504.21307005161145,1040.475841793133
DOMINICK BARLOW,F,506.3207050338388,506.34016458792985,76.52583505989674,410.37038423275686,503.6114239033618,607.4270261806311
MO BAMBA,C,504.886559599094,505.9470273953369,217.59813095615544,230.94754079999532,497.7957296672115,783.3964374391061
JALEN HOOD-SCHIFINO,G,500.7325380693859,505.8029817203138,279.96476696581607,140.35045528062744,494.0333631836205,873.4013254814765
JARED RHODEN,G,494.86608862896935,494.1973379492972,149.63001560731144,308.2588213079503,487.44054442039936,688.6340575122941
COLBY JONES,G,493.8211089122,493.0407391009735,158.78443243710015,292.8051073125161,488.97341643238394,697.8822760073259
DANTE EXUM,G,488.5831343729589,488.4966182824569,98.630511283184,365.16380054058135,482.96905781992893,619.0410604843042
ELFRID PAYTON,G,487.7089584436856,487.368443913286,215.10336141708584,218.57292658044472,475.1076540473057,767.9871650548159
N'FALY DANTE,C,480.1388669929823,487.537996018973,338.19517622996176,20.013849107453886,462.8569221416953,934.1357471305274
JAYLEN NOWELL,G,478.6189030250023,478.03373973307424,99.96895806894653,352.78699879611827,473.25056214418566,607.2025473742508
BISMACK BIYOMBO,C,475.9933804247862,475.8936376905433,69.98067892531897,388.32438828306994,473.61822201565514,567.0238244135272
KEATON WALLACE,G,474.8474131439127,503.8798966460906,381.8508835795629,0.0,468.6624280523671,1019.4217884814888
COLIN CASTLETON,C,473.69135337468134,479.59302643038615,268.3505494489586,125.1608638695584,469.2398996556615,831.8780515013976
RON HARPER JR,G-F,472.96553500794744,474.0685129264748,254.13191634249722,144.916701047927,465.34627886544007,807.4582906931969
MALAKI BRANHAM,F,468.8241909480204,471.59075172799845,263.1353820188802,124.61759205079376,463.65663828427137,813.4301719666618
MICAH POTTER,C,467.73485758302553,467.4438033506655,102.20352774894629,341.3710105293351,463.08265304704355,599.174772345039
JAYLON TYSON,G-F,463.33562624184736,490.0042389178723,374.38306877969103,0.0,453.0461834960871,995.9634721920479
DEANDRE JORDAN,C,461.87252499240543,462.61109142170045,178.35965349221246,237.03645522094277,458.58496045014704,691.3132294905057
DILLON JONES,F,459.3911742673936,500.1106311920639,421.9406809881294,0.0,448.05166096811917,1075.7800309430886
CRAIG PORTER,G,459.04888479937114,458.1328088675104,137.03420333122105,286.74825859341826,453.46398694352655,636.3462817948324
QUENTON JACKSON,G,455.7190077540153,456.61509790698943,170.09241586322634,245.37483983057746,447.51524275811937,680.4696111692083
DANIEL THEIS,F-C,454.0703040961901,452.7323783068124,133.1057299489935,284.9088501289287,448.18146657529644,625.9582947495786
JOCK LANDALE,C,453.20876283610227,454.3405779866877,113.86410072575794,311.210176378604,449.3546121659443,604.4887991921772
DAVID RODDY,F,451.184353598089,450.65096538247803,72.53712818650658,360.2307372747917,447.9032079222069,545.7236719924693
OUSMANE DIENG,F,449.577346514192,450.37405541186945,98.45020250509107,326.53541761820276,445.65214361227976,580.3196909032381
WENDELL MOORE JR,G,449.3860967142748,451.9027328586302,185.5534327853302,220.52335051494242,445.8871899155738,693.015313572684
JAYLEN CLARK,G,440.997002984116,491.3785058877482,410.7433159772929,0.0,441.81638876961046,1066.8447499555625
PAT CONNAUGHTON,G,440.84244702891857,439.9393156816922,130.54233862975437,277.7846023975345,435.1390086593554,608.8847423308398
MONTE MORRIS,G,440.4475531951032,444.33898317612966,255.22152625681247,105.8458697147278,434.6707220519706,781.3697280668007
JAMAL CAIN,F,437.6772173027842,436.0539859619014,118.07398156518076,288.9410336241913,430.84617141870467,591.4387862515173
VASILIJE MICIC,G,435.4221159145314,434.8040873866985,86.14273813457726,326.9768829993741,431.6413289850378,547.8210520093529
DEVIN CARTER,G,433.55985101268,474.8915235583859,386.89339495033863,0.0,432.996245752653,1004.0656298426866
JOHNNY FURPHY,G,433.362792696058,480.8624532630047,416.76436019542786,0.0,423.2139835386026,1068.2405144290303
RAYAN RUPERT,G-F,426.0838703851184,427.0435814740138,122.38773187568962,273.3364941788805,423.7698339169155,585.4857708626076
LANDRY SHAMET,G,425.2741693819464,425.75116713483555,145.64691991658256,243.84760397986236,423.7056891198961,612.187988165041
TYSON ETIENNE,G,418.82037615410746,448.0297009943184,351.60024354547215,0.0,413.9514621945805,924.8905826994029
JERICHO SIMS,C,415.90427779386187,414.8919925947546,84.09172013248966,309.5365538711015,411.8153562812355,524.6542807642111
OSHAE BRISSETT,F-G,414.32221995093823,411.45162563653,179.05623209132835,185.37711381224128,405.2674883959967,642.1327420436482
JAE'SEAN TATE,F,411.8554155150816,425.4376613724143,302.81299659990526,0.0,401.15148360510324,832.9410940935851
JOHN KONCHAR,G,410.7519054226853,411.0092787690909,125.00570434638776,253.14515513203503,406.4873797065411,572.5031423869683
DUOP REATH,C,408.7277862799587,411.2819065108176,237.17317050594522,95.81275683283185,402.5066015745251,725.6712023395216
NAE'QWAN TOMLIN,F,405.4832117506402,425.26819929801945,306.50812599835655,0.0,403.03604645625234,833.7389493569873
JOSH MINOTT,F,391.9772676376201,391.31979566514264,95.06327527535514,272.3088999084506,387.87307692179826,515.0846180980337
DRU SMITH,G,387.77577557154007,388.26118317696285,136.50640413510015,220.4396384904306,380.8018129729253,564.1319449457408
JAYLEN MARTIN,G,381.3543045036015,417.8944692951184,338.89478073601583,0.0,378.14859107474535,878.3022718430068
TREVELIN QUEEN,G,380.6761538948516,381.06672154810934,77.97040719152551,285.08117333871826,376.37471083513066,481.9094403497787
MARVIN BAGLEY III,F,380.3566433472719,383.2212441211667,215.3352955991132,105.9587777231636,372.47635100860475,665.4682689025424
JADEN SPRINGER,G,377.1875437498139,376.98567316785267,80.3608229737195,276.90262973673254,373.34998601623244,481.5913261225911
JORDAN WALSH,G,376.9241705651921,378.5614055753497,83.88272852479311,274.6633493836894,374.0816527751963,489.08272660911473
BRANDEN CARLSON,C,374.8532796209986,420.322688547328,368.98539424492276,0.0,363.2800002047586,932.8205335375601
ALEX REESE,F-C,374.48839524881953,397.5533140070137,310.39524444832153,0.0,364.6193108298714,823.600007512483
BAYLOR SCHEIERMAN,G,373.5357787232105,423.742690700051,366.86052463028426,0.0,370.65656407573795,936.8072427759071
ERIC GORDON,G,371.2545746817804,376.0579993339176,177.89460014967605,148.2135087738849,371.6788370066605,606.543715733933
JAYLEN SIMS,G,370.58638682193225,397.22940047849374,314.6929570660133,0.0,366.86589269882165,827.6571398268608
MARCUS GARRETT,G,370.2253384154892,371.8636163783772,198.1906341384589,121.05964987186773,363.43734410040645,631.9788994114064
BONES HYLAND,G,370.193308338541,371.08818634942605,143.76874274289938,193.06388761852165,363.95673969686305,556.3574845764649
MAXWELL LEWIS,F,369.11706318603626,373.10119120031703,200.72194726646885,113.14625226456691,364.3237972769749,638.0292499714743
ISAIAH WONG,G,367.0477292482892,371.75014013359214,199.8577931337148,109.7749823168699,364.03324670603354,637.3282835834987
TERRENCE SHANNON JR,G-F,366.2729490751168,391.4373062461136,314.6822023156912,0.0,354.76952476810084,821.1159992620202
REECE BEEKMAN,G,365.5388829311996,411.3718378824255,373.021574720158,0.0,352.60490251478416,931.1092360825184
KOBE BUFKIN,G,362.44377579726773,362.3549441595954,54.810509983386666,291.2218032820075,364.18078540809825,431.541817579078
HUNTER TYSON,F,361.9995263603216,360.1921324340112,111.51462265578436,220.77583129332263,354.6127488190049,505.6991691339915
JORDAN MILLER,G,361.6462156127381,361.3972700867059,166.5974886446618,151.22265855392848,354.9612682019119,581.9690389930835
DARIQ WHITEHEAD,G-F,360.8165889892303,361.32267774105213,56.605994964303626,290.1975402592742,359.37400264670197,434.71044703288254
LESTER QUINONES,G,353.787248400859,353.4681193563265,128.49999005876123,195.3954391213631,347.9499189264129,522.1874895580536
CHRISTIAN KOLOKO,C,350.39656245772085,351.5699477843738,99.58578254691359,229.76583171032894,345.55677404033327,483.566718043228
CAM REDDISH,F-G,347.39880134953574,349.9184649080552,179.44812039068663,116.7605643625602,344.13061130698276,585.2697691741911
CAM SPENCER,G,346.01344805317376,388.67735806597454,337.9559653526488,0.0,345.2678509923868,857.1243995255796
TREY JEMISON,C,339.98044887963914,346.7687392423981,251.81479333796787,0.0,326.0518209936855,690.185662552084
ISAAC JONES,F,339.7603596683612,381.1550392678031,339.2827078675596,0.0,327.03325801714675,860.5111648098115
TYLER KOLEK,G,339.64436106403423,390.9766945528482,356.72145611218394,0.0,334.0708527927867,891.2120189559157
JEVON CARTER,G,325.3609784618923,326.9491846751078,123.5076317721825,171.69232248025372,322.33674034939656,487.9320780957306
JT THOR,F,319.547943771858,319.58755096222393,63.719586160252206,240.71616824869238,315.98781341811633,402.76544413406367
COLE SWIDER,F,319.295865931413,320.9982456971819,145.54453283174146,138.64216591349404,314.6153101524376,512.3007470202854
CORY JOSEPH,G,318.5701243039787,323.99547464023993,214.53962292801768,23.68249867416234,314.2979447131321,609.043434838848
DELON WRIGHT,G,316.350265014769,326.3252805111809,216.96277715531906,31.096600812580785,313.58325996805735,615.475030026096
LUKA GARZA,C,316.15670283697835,315.925466872124,117.52418632280062,169.56533577648665,309.191136752488,470.89186071015564
MOSES BROWN,C,315.32992042869114,313.8606316536332,161.53522162133717,112.3013117222774,302.53719006371335,529.4759753740175
DWIGHT POWELL,F-C,313.08494491524186,316.8096833332596,171.33904085371648,92.26228599319961,309.8380438615419,539.5794471604586
KEVIN LOVE,F-C,305.91180682672086,309.5800662540902,146.66358224715538,126.32201968324613,303.08468283427646,498.3458207723828
JOHNNY DAVIS,G,298.0805496489019,300.70221740472175,179.1476207271223,64.94457921270272,288.107981808441,540.8718559491604
TONY BRADLEY,C-F,294.8659483503489,294.6251107763256,136.50428045916024,124.67343624058232,286.7823124143758,473.5137382278612
KOBE BROWN,F,286.253337369077,286.1247558610514,36.35060960392029,239.68040177643627,285.97887533206733,333.3650701422652
KYLE LOWRY,G,285.7285680121001,317.99026646551386,277.47120529684145,0.0,278.36066934779524,708.9784392575849
BRUNO FERNANDO,F-C,283.16978880356373,284.25330510739906,123.6637751402725,132.40907730867826,278.46755026180733,445.99044721314806
TYLER SMITH,F,276.4390321299684,313.77883153195893,276.90115951456056,0.0,276.60959985765356,692.1367764796543
GARY HARRIS,G,275.80302549625844,281.6493053499112,175.99603583389307,45.82810353965354,271.4660884511238,516.5958060909298
PAT SPENCER,G,273.8936666995911,273.53154075173495,105.62915485453,141.80057509063022,268.78579821171525,410.2917769734081
BRONNY JAMES,G,271.33600376732136,317.842186846708,295.1805796584574,0.0,268.03151848293174,735.2328617190584
TORREY CRAIG,F,264.9034129297695,266.9461760275777,104.5783809506897,138.2399297981832,261.5304722726971,401.12601602776255
JORDAN MCLAUGHLIN,G,263.4643055280902,265.22789427550066,137.51272171549914,86.21562074628997,260.4796408938184,444.4533218200576
ALEX LEN,C,257.68238662789264,259.5156057351404,158.23808957734633,48.236841172161064,250.73239692070808,469.1482075780098
MAXI KLEBER,F,254.6862047203956,256.59120102931394,149.09252415110538,59.43901771672948,250.49438622453886,451.77210619758193
DAEQWON PLOWDEN,G-F,250.1468494751815,269.4677324691998,224.61412036627542,0.0,241.89279084109756,584.4003332913327
ELIJAH HARKLESS,G,247.58583854944985,292.36329635766845,273.60725587255206,0.0,247.71105227766836,676.1914292004226
LAMAR STEVENS,F,246.8213590331504,248.20092483844235,80.12389942263025,150.25687044612386,243.26803769153673,353.5653035910833
REGGIE JACKSON,G,246.33008221997025,261.65530806582944,200.60964422553616,0.0,242.91721962884526,535.9406947051535
EMONI BATES,F,245.42751744340364,244.87607772317395,45.491287721135116,187.99565590582236,242.84011964477654,304.1638665607223
ARIEL HUKPORTI,C,244.7292476948987,306.6402169826132,309.34455604542205,0.0,235.31089264686966,746.7939707850513
MARJON BEAUCHAMP,F,242.7234082499545,242.74631996014853,106.4387915840075,109.60727786298132,238.55422197795681,380.1272785838882
KESHAD JOHNSON,F,236.13757112946175,266.1947120243796,244.4053465169547,0.0,223.92919839683077,606.3270955652969
KYLOR KELLEY,C,234.6061670202652,293.15880402847415,293.4469681697921,0.0,227.71931160532228,709.4267955286599
ADAM FLAGLER,G,232.18149785384983,232.41852983601004,34.11485466187682,189.41684440445493,231.5970574124978,276.26216635727593
TRISTAN THOMPSON,C-F,231.24894405214144,242.93740195494982,187.33959101761695,0.0,227.81116825483633,498.1661469787967
PATRICK BALDWIN JR,F,224.49127252374277,224.1105503124045,67.50607745524611,140.8711943472184,220.83498669202268,312.3463908783728
DREW PETERSON,F,222.38805894227175,222.73528545066742,36.87742651530176,176.8072614888253,221.35910220897523,270.2514042779683
PACOME DADIET,F,220.20700774736983,263.2089122995211,256.0995469036761,0.0,214.15186981290987,625.8507643898772
RAYJ DENNIS,G,219.65343480675105,246.07570123676138,225.5017575392524,0.0,209.72184275892894,567.4067645632704
ANTHONY GILL,F,219.50629967053536,220.34879971826268,64.78601607127973,139.90297951937174,216.92373378895797,305.2663712878188
JAMES WISEMAN,C,218.59924186158028,222.43916667302918,142.98244122781603,37.936347504550135,211.51602417173712,409.6732690190764
DARIO SARIC,F-C,217.87055035175445,217.5376795069863,99.41934643867687,92.74361255214488,211.9380253568508,347.37171119677413
MARKELLE FULTZ,G,213.97572823619328,231.02407583487607,199.34363808915833,0.0,203.60367202088176,507.838671221872
JEFF GREEN,F,210.56361414924055,214.50202098124527,139.23812790905012,24.426753040380415,205.48349262450205,401.01725884117786
SIDY CISSOKO,G,208.2377396430162,210.31929185372846,117.24456273824993,59.79187234147549,203.4865148174863,363.05413026892165
CHRIS LIVINGSTON,F,208.2317736926791,207.4715625185,40.34992106555454,156.82118099456963,205.7557094729598,259.48874635679095
PETE NANCE,F,205.61330881640367,206.26105856302746,110.40454283962639,65.13753906488081,200.40069583273595,350.66845093061306
MILES NORRIS,F,205.32852410248356,241.03830450065396,231.78926350973006,0.0,194.97275868743955,568.9549995055322
KEVIN KNOX II,F,204.7863065104388,205.10872777887698,88.56703700434407,96.27304318139525,199.8281642497965,322.02756206166276
TYTY WASHINGTON JR,G,203.78504928298608,204.63493904703748,96.44667073499127,86.20559335072647,199.33081104068572,330.93898964301485
CAM CHRISTIE,G,202.67062424721055,244.6653049025732,237.1649846634129,0.0,196.7771548345061,579.5787612084517
MALACHI FLYNN,G,199.9088772708026,198.61364873890636,75.41396386858632,105.88982502174036,192.70784595377768,298.9633588003537
YURI COLLINS,G,198.94289268796925,234.97841274557155,220.55658369016123,0.0,196.28291492561593,541.2157154900617
PJ HALL,C,198.30580006392387,259.2438835297159,268.9780395740883,0.0,196.995415912947,644.2108218903909
ENRIQUE FREEMAN,F,195.8257299769975,249.42238494625437,258.1062373868028,0.0,188.28366993718456,617.192077107846
BOBI KLINTMAN,F,191.29254204526669,225.8175765994205,215.89869347808903,0.0,187.22034989915278,525.5695344256418
NATE WILLIAMS,G,190.4546004839761,190.19490975682112,36.326073067929066,144.24327308003004,188.713233767933,237.43394059272936
JACKSON ROWE,F,189.71777613780563,220.46903460031515,209.23155069956042,0.0,181.0060831651461,516.1850477031378
YUKI KAWAMURA,G,188.2788604409565,242.48105302939825,250.185579581644,0.0,180.37173311522724,599.0895290412082
TREY ALEXANDER,G,186.65428387467787,247.73548345545476,260.92382873106817,0.0,183.24847087577535,616.6434939461111
ALONDES WILLIAMS,G,181.93553876971592,181.4506436302983,78.86317615347691,85.43376435833741,175.7549842915717,284.14026125236643
TAJ GIBSON,F,180.78852764185208,189.38640093761418,142.3549259417652,0.0,176.10284651032464,380.0180322633322
DOUG MCDERMOTT,F,180.4992101364859,205.1662438281933,188.30998039035566,0.0,172.98762891580063,474.12949419177534
TAZE MOORE,G,178.03997075754654,178.18525801155448,37.96959421685594,130.49614944041747,176.45746908425932,228.39358535257048
XAVIER TILLMAN,F,177.6653026888993,190.94424959294636,156.97840566840537,0.0,171.37654308078837,407.7220971453585
SPENCER JONES,F,176.7897910839608,228.75749482017383,234.06669227373067,0.0,176.26046403731414,564.158588046865
JOSH CHRISTOPHER,G,176.6837248857061,183.0417931249293,120.74628256114386,23.500811050908634,173.9792133356076,344.37128190546645
JD DAVISON,G,176.3965056427836,177.03101526323218,36.65794815382631,131.87649286109024,175.02561120940584,225.94347651239886
KEVIN MCCULLAR JR,G,175.36002607715128,213.5658314382641,214.75536150105594,0.0,165.80844496575696,520.3454699857116
ALEX DUCAS,G,174.31335307071873,233.6771617842876,247.9019219709472,0.0,171.79582235292546,593.2010804104314
ARMEL TRAORE,F,171.33838380967475,214.07160696595395,216.4155472367902,0.0,165.6877788746059,516.9167653318935
JAMAREE BOUYEA,G,169.06458978270905,169.21391635151753,50.30100146742743,108.46519930550996,165.11565064985615,235.97382951455594
PHILLIP WHEELER,F,167.84182556761738,212.71378912300938,212.97954301994508,0.0,168.426253524613,508.60132224115586
MASON JONES,G,164.99190724634124,166.13371223868836,89.96524370310665,53.70981238553909,159.67029999037285,284.76498088228766
LEONARD MILLER,F,160.02440410294204,159.5913264161834,34.67048209467409,116.46601336594752,157.77214527183247,204.6266096590987
JAZIAN GORTMAN,G,156.34492270882663,202.16034747751178,214.77297522042025,0.0,148.06781653930005,508.6940404171452
MARKIEFF MORRIS,F,154.78919011766823,156.38016513236653,98.13344970071078,26.204671877361577,149.0938457674497,287.04401490707664
JOSH RICHARDSON,G,154.68370842748635,159.7951448245396,115.44158081033865,0.0,148.89075299955294,318.23445523327104
HARRISON INGRAM,F,153.03518920419046,193.96765910217607,199.4001418566275,0.0,148.91574152185018,475.3607791975266
CHRIS DUARTE,G,151.7198516244827,181.2310957323415,170.42856150495484,0.0,151.03547654764847,421.45056733179797
JACOB TOPPIN,F,144.97063843460347,145.05965285104568,24.1268199458217,114.32795010926434,144.6745892251692,176.41113825384807
STANLEY UMUDE,G,142.76957577224604,146.093533508534,87.87031946244423,32.5688375805318,139.96502365919076,261.9745919222231
DAVID DUKE JR,G,142.44880203311286,143.12577523920442,77.66781339741539,44.49496998514089,137.88019853511298,244.22478923020373
VLATKO CANCAR,F,141.98939439683147,143.31873855798597,67.8875348871198,58.422654055012444,139.9201667338321,231.84685090141483
DAMION LEE,G-F,141.2594471088185,147.71632033012025,110.41917894032066,0.0,136.26995660042832,298.5138319791296
ULRICH CHOMCHE,C,141.18916479312375,202.30557209326187,226.34421425992923,0.0,137.06535879164127,523.6037850778725
PATTY MILLS,G,140.80399215963857,156.06078368275723,132.13269679622147,0.0,139.71917223676553,339.9885199213898
TRENTYN FLOWERS,F,138.90351217691594,183.78634210566835,195.44830417791079,0.0,134.9731287244025,457.9815177259259
EJ LIDDELL,F,137.70982010440852,137.82270247683732,25.282205255261182,105.8924427584343,137.08075524263904,170.31668445126337
EMANUEL MILLER,F,136.87777264447865,177.0281603367862,184.31390574476532,0.0,133.43460186449892,441.10873204458466
LUKE TRAVERS,F,135.9609440171466,187.21663267597933,201.63395889900798,0.0,133.63833183286607,474.8163915773173
ADAMA SANOGO,F,135.38854882500195,137.10991497167515,72.86599080011027,46.554144724127326,131.93441771261507,232.79552823457635
JAHMIR YOUNG,G,130.31812713431793,177.59253606028213,192.8178150100095,0.0,124.00383422774547,454.46489369515115
ISAIAH CRAWFORD,F,126.48487169158106,178.4195064962755,196.5934813084717,0.0,121.6036212139214,456.3531776391164
JUSTIN MINAYA,F,117.3202582739394,135.31315213431475,126.73342938835596,0.0,113.65307259521887,310.8076342102089
BRYCE MCGOWENS,G,113.80636382695846,123.30082350241153,97.93171467693789,0.0,111.60110808621008,256.0402338500605
MATT RYAN,F,103.01103592132526,103.84206846617576,57.30144461401641,30.905977029507255,100.59721335021774,178.9795039444753
DANISS JENKINS,G,99.55164539635614,152.68281033562366,179.27103869855665,0.0,93.7836484066609,407.4008876174039
LIAM ROBBINS,C,95.90619487901722,161.83537809445994,196.2028924132012,0.0,90.26595745762856,441.51365056239695
CUI YONGXI,F,93.65629298724689,142.5057769537778,162.10865416437156,0.0,92.08215349708507,373.2234284905372
GARRETT TEMPLE,G-F,92.62948744566812,111.15985672307424,107.01159051559385,0.0,91.22432450926729,261.89619485584285
ANTON WATSON,F,89.21573381564917,139.2733305235701,162.802300840115,0.0,84.6853859569423,373.6287416664252
JAE CROWDER,F,89.08566459860039,113.2970317286862,120.54309527430051,0.0,83.39634037116875,285.8697857424584
TRISTEN NEWTON,G,82.72699790130149,134.73171829306054,159.7603603759351,0.0,79.93084090000858,360.8402685411662
MAC MCCLUNG,G,82.30950560239366,141.4167348873801,168.63338712210432,0.0,80.57764507546011,382.5991543201632
JACK MCVEIGH,G-F,79.84145908579299,125.67646789149197,149.79680762553775,0.0,72.39992549765395,340.58273955014863
PJ DOZIER,G-F,76.71258009268895,103.44344883655576,112.8989315466999,0.0,72.95175656845389,265.98959425704913
JALEN BRIDGES,F,76.21991060039447,127.31824887058195,154.97897148622317,0.0,70.42040978163274,351.9426980353726
DJ CARTON,G,74.53812311596813,74.48734675711128,31.902408849705832,35.84397866998693,72.00104389359738,116.54030434855068
QUINCY OLIVARI,G,73.19112158016,127.53216015245067,153.06611256398753,0.0,72.03085716335374,347.0051478915357
RILEY MINIX,F,72.9131201553964,137.8824998395306,168.88333796871754,0.0,73.92913024202538,383.65712711742515
ISAIAH STEVENS,G,70.52225035462021,121.18829673334207,146.4200342141787,0.0,68.54042901245276,329.71996881434376
SKAL LABISSIERE,F-C,70.42109712750285,119.86580176788,144.96355972470974,0.0,67.29136250423386,327.72194122036717
TERRY TAYLOR,F,66.53521383514834,91.99443691102047,104.26761802496809,0.0,60.98119818171649,235.66445340917267
DAISHEN NIX,G,66.0935715329015,69.0320659056048,52.02396830678482,0.0,62.5368816080748,138.88794782736716
BRAXTON KEY,F,61.96125796874249,86.6891245229178,96.74696720421657,0.0,59.001879473319136,224.0393035448749
MALEVY LEONS,F,58.25554143921509,114.466972479377,145.1867309609624,0.0,53.314477273106405,325.75428415860586
JAHLIL OKAFOR,C-F,57.30257152897267,68.38258999035517,67.81207855848676,0.0,54.02297941396232,162.6125086602408
JESSE EDWARDS,C,55.12905147284929,121.19319159077021,157.60358262304837,0.0,51.39768101188172,346.7974552902703
TERENCE DAVIS,G,53.881187260516775,89.45054536489735,106.27041458119257,0.0,53.82719141193273,244.82403801056213
ZYON PULLIN,G,52.853451831758655,109.26605475804783,137.97005823993163,0.0,52.07050246486826,309.57311421975794
JALEN MCDANIELS,F,48.83104569199768,78.9620458678611,93.44973458870481,0.0,46.515127828855775,212.96440177125834
JOE INGLES,F-G,26.29498339982238,80.52010575627976,109.29967888570646,0.0,26.22069179393206,240.6388609431074
PJ TUCKER,F,18.47375317052349,58.450338342921086,79.20434178360252,0.0,17.506206677867045,177.32450903000367
JAMES JOHNSON,F,9.340266657638727,49.2566444395603,70.38516949560815,0.0,7.269594165369232,151.95403488798453
